-- phpMyAdmin SQL Dump
-- version 5.2.1
-- https://www.phpmyadmin.net/
--
-- Host: 127.0.0.1
-- Generation Time: Oct 04, 2024 at 05:32 PM
-- Server version: 10.4.32-MariaDB
-- PHP Version: 8.2.12

SET SQL_MODE = "NO_AUTO_VALUE_ON_ZERO";
START TRANSACTION;
SET time_zone = "+00:00";


/*!40101 SET @OLD_CHARACTER_SET_CLIENT=@@CHARACTER_SET_CLIENT */;
/*!40101 SET @OLD_CHARACTER_SET_RESULTS=@@CHARACTER_SET_RESULTS */;
/*!40101 SET @OLD_COLLATION_CONNECTION=@@COLLATION_CONNECTION */;
/*!40101 SET NAMES utf8mb4 */;

--
-- Database: `dbgreenvalley`
--

-- --------------------------------------------------------

--
-- Table structure for table `course`
--

CREATE TABLE `course` (
  `COURSE_ID` int(11) NOT NULL,
  `COURSE_NAME` varchar(30) NOT NULL,
  `COURSE_LEVEL` varchar(50) NOT NULL DEFAULT '1',
  `COURSE_MAJOR` varchar(30) NOT NULL DEFAULT 'None',
  `COURSE_DESC` varchar(255) NOT NULL,
  `DEPT_ID` int(11) NOT NULL,
  `SETSEMESTER` varchar(90) NOT NULL
) ENGINE=InnoDB DEFAULT CHARSET=latin1 COLLATE=latin1_swedish_ci;

--
-- Dumping data for table `course`
--

INSERT INTO `course` (`COURSE_ID`, `COURSE_NAME`, `COURSE_LEVEL`, `COURSE_MAJOR`, `COURSE_DESC`, `DEPT_ID`, `SETSEMESTER`) VALUES
(1, 'BSIT', '3', 'Computer Programming', 'Bachelor of Science in Information Technology', 33, 'First'),
(2, 'BSIT', '4', 'Computer Programming', 'Bachelor of Science in Information Technology', 33, 'First'),
(3, 'BSBA - HRM', '3', 'Human Resources Management', 'Bachelor of Science in Business Administration', 34, 'First'),
(4, 'BSBA - HRM', '4', 'Human Resources Management', 'Bachelor of Science in Business Administration ', 34, 'First'),
(5, 'BSIS', '1', 'Systerm Analysis', 'Bachelor of Science in Information System', 35, 'First');

-- --------------------------------------------------------

--
-- Table structure for table `department`
--

CREATE TABLE `department` (
  `DEPT_ID` int(11) NOT NULL,
  `DEPARTMENT_NAME` varchar(30) NOT NULL,
  `DEPARTMENT_DESC` varchar(50) NOT NULL
) ENGINE=InnoDB DEFAULT CHARSET=latin1 COLLATE=latin1_swedish_ci;

--
-- Dumping data for table `department`
--

INSERT INTO `department` (`DEPT_ID`, `DEPARTMENT_NAME`, `DEPARTMENT_DESC`) VALUES
(33, 'IT', 'Information Technology Department'),
(34, 'BAAD-HRM', 'Business Accounting and Administration - HRM'),
(35, 'IS', 'Information System');

-- --------------------------------------------------------

--
-- Table structure for table `grades`
--

CREATE TABLE `grades` (
  `GRADE_ID` int(11) NOT NULL,
  `IDNO` int(11) NOT NULL,
  `SUBJ_ID` int(11) NOT NULL,
  `FIRST` int(11) NOT NULL,
  `SECOND` int(11) NOT NULL,
  `THIRD` int(11) NOT NULL,
  `FOURTH` int(11) NOT NULL,
  `AVE` float NOT NULL,
  `REMARKS` text NOT NULL,
  `COMMENT` text NOT NULL,
  `SEMS` varchar(90) NOT NULL
) ENGINE=InnoDB DEFAULT CHARSET=latin1 COLLATE=latin1_swedish_ci;

--
-- Dumping data for table `grades`
--

INSERT INTO `grades` (`GRADE_ID`, `IDNO`, `SUBJ_ID`, `FIRST`, `SECOND`, `THIRD`, `FOURTH`, `AVE`, `REMARKS`, `COMMENT`, `SEMS`) VALUES
(1522, 1000000207, 346, 87, 88, 90, 92, 89.8, 'Passed', '', ''),
(1523, 1000000207, 347, 77, 87, 99, 87, 87.4, 'Passed', '', ''),
(1524, 1000000207, 348, 66, 77, 70, 89, 78.2, 'Passed', '', ''),
(1525, 1000000207, 349, 75, 74, 0, 80, 61.8, 'Failed', '', ''),
(1526, 1000000207, 350, 90, 78, 66, 65, 72.8, 'Failed', '', ''),
(1527, 1000000207, 351, 88, 89, 87, 66, 79.2, 'Passed', '', ''),
(1528, 1000000207, 352, 90, 98, 66, 87, 85.6, 'Passed', '', ''),
(1529, 1000000210, 346, 0, 0, 0, 0, 0, '', '', ''),
(1530, 1000000210, 347, 0, 0, 0, 0, 0, '', '', ''),
(1531, 1000000210, 348, 0, 0, 0, 0, 0, '', '', ''),
(1532, 1000000210, 349, 0, 0, 0, 0, 0, '', '', ''),
(1533, 1000000210, 350, 0, 0, 0, 0, 0, '', '', ''),
(1534, 1000000210, 351, 0, 0, 0, 0, 0, '', '', ''),
(1535, 1000000210, 352, 0, 0, 0, 0, 0, '', '', ''),
(1536, 1000000215, 353, 0, 0, 0, 0, 0, '', '', 'First'),
(1537, 1000000216, 353, 0, 0, 0, 0, 0, '', '', 'First'),
(1538, 1000000216, 346, 0, 0, 0, 0, 0, '', '', 'First'),
(1539, 1000000216, 347, 0, 0, 0, 0, 0, '', '', 'First'),
(1540, 1000000216, 348, 0, 0, 0, 0, 0, '', '', 'First'),
(1541, 1000000216, 349, 0, 0, 0, 0, 0, '', '', 'First'),
(1542, 1000000216, 351, 0, 0, 0, 0, 0, '', '', 'First'),
(1543, 1000000216, 352, 0, 0, 0, 0, 0, '', '', 'First'),
(1544, 1000000216, 350, 0, 0, 0, 0, 0, '', '', 'First'),
(1545, 1000000217, 353, 0, 0, 0, 0, 0, '', '', 'First'),
(1546, 1000000217, 346, 0, 0, 0, 0, 0, '', '', 'First'),
(1547, 1000000217, 347, 0, 0, 0, 0, 0, '', '', 'First'),
(1548, 1000000217, 348, 0, 0, 0, 0, 0, '', '', 'First'),
(1549, 1000000217, 349, 0, 0, 0, 0, 0, '', '', 'First'),
(1550, 1000000217, 351, 0, 0, 0, 0, 0, '', '', 'First'),
(1551, 1000000217, 352, 0, 0, 0, 0, 0, '', '', 'First'),
(1552, 1000000217, 350, 0, 0, 0, 0, 0, '', '', 'First'),
(1553, 1000000221, 354, 0, 0, 0, 0, 0, '', '', 'First'),
(1554, 1000000221, 355, 0, 0, 0, 0, 0, '', '', 'First'),
(1555, 1000000221, 356, 0, 0, 0, 0, 0, '', '', 'First'),
(1556, 1000000222, 354, 0, 0, 0, 0, 0, '', '', 'First'),
(1557, 1000000222, 355, 0, 0, 0, 0, 0, '', '', 'First'),
(1558, 1000000222, 356, 0, 0, 0, 0, 0, '', '', 'First'),
(1559, 1000000224, 354, 0, 0, 0, 0, 0, '', '', 'First'),
(1560, 1000000224, 355, 0, 0, 0, 0, 0, '', '', 'First'),
(1561, 1000000224, 356, 0, 0, 0, 0, 0, '', '', 'First'),
(1562, 1000000228, 357, 0, 0, 0, 0, 0, '', '', ''),
(1563, 1000000228, 358, 0, 0, 0, 0, 0, '', '', ''),
(1564, 1000000228, 357, 0, 0, 0, 0, 0, '', '', ''),
(1565, 1000000228, 358, 0, 0, 0, 0, 0, '', '', ''),
(1566, 1000000231, 346, 0, 0, 0, 0, 0, '', '', 'First'),
(1567, 1000000231, 347, 0, 0, 0, 0, 0, '', '', 'First'),
(1568, 1000000231, 348, 0, 0, 0, 0, 0, '', '', 'First'),
(1569, 1000000231, 349, 0, 0, 0, 0, 0, '', '', 'First'),
(1570, 1000000231, 350, 0, 0, 0, 0, 0, '', '', 'First'),
(1571, 1000000231, 351, 0, 0, 0, 0, 0, '', '', 'First'),
(1572, 1000000231, 352, 0, 0, 0, 0, 0, '', '', 'First'),
(1573, 1000000231, 353, 0, 0, 0, 0, 0, '', '', 'First'),
(1574, 1000000232, 346, 3, 3, 0, 0, 3, 'Failed', '', 'First'),
(1575, 1000000232, 347, 2, 1, 0, 0, 1.5, 'Passed', '', 'First'),
(1576, 1000000232, 348, 1, 1, 0, 0, 1, 'Passed', '', 'First'),
(1577, 1000000232, 349, 2, 3, 0, 0, 2.5, 'Passed', '', 'First'),
(1578, 1000000232, 350, 0, 0, 0, 0, 0, '', '', 'First'),
(1579, 1000000232, 351, 0, 0, 0, 0, 0, '', '', 'First'),
(1580, 1000000232, 352, 0, 0, 0, 0, 0, '', '', 'First'),
(1581, 1000000232, 353, 0, 0, 0, 0, 0, '', '', 'First'),
(1582, 1000000220, 357, 0, 0, 0, 0, 0, '', '', 'First'),
(1583, 1000000220, 358, 0, 0, 0, 0, 0, '', '', 'First'),
(1584, 1000000235, 354, 3, 3, 0, 0, 2.75, 'Passed', '', 'First'),
(1585, 1000000235, 355, 0, 0, 0, 0, 0, '', '', 'First'),
(1586, 1000000236, 354, 4, 4, 0, 0, 0, 'Failed', '', 'First'),
(1587, 1000000236, 355, 4, 3, 0, 0, 0, 'Failed', '', 'First'),
(1588, 1000000236, 356, 3, 4, 0, 0, 0, 'Failed', '', 'First'),
(1589, 1000000237, 354, 3, 3, 0, 0, 2.63, 'Passed', '', 'First'),
(1590, 1000000237, 355, 4, 3, 0, 0, 0, 'Failed', '', 'First'),
(1591, 1000000237, 356, 4, 4, 0, 0, 0, 'Failed', '', 'First'),
(1592, 1000000237, 354, 0, 0, 0, 0, 0, '', '', ''),
(1593, 1000000237, 355, 0, 0, 0, 0, 0, '', '', ''),
(1594, 1000000237, 356, 0, 0, 0, 0, 0, '', '', ''),
(1595, 1000000237, 354, 0, 0, 0, 0, 0, '', '', ''),
(1596, 1000000237, 355, 0, 0, 0, 0, 0, '', '', ''),
(1597, 1000000237, 356, 0, 0, 0, 0, 0, '', '', ''),
(1598, 1000000237, 354, 0, 0, 0, 0, 0, '', '', ''),
(1599, 1000000237, 355, 0, 0, 0, 0, 0, '', '', ''),
(1600, 1000000237, 356, 0, 0, 0, 0, 0, '', '', ''),
(1601, 1000000237, 354, 0, 0, 0, 0, 0, '', '', ''),
(1602, 1000000237, 355, 0, 0, 0, 0, 0, '', '', ''),
(1603, 1000000237, 356, 0, 0, 0, 0, 0, '', '', ''),
(1604, 1000000237, 354, 0, 0, 0, 0, 0, '', '', ''),
(1605, 1000000237, 355, 0, 0, 0, 0, 0, '', '', ''),
(1606, 1000000237, 356, 0, 0, 0, 0, 0, '', '', ''),
(1607, 1000000237, 354, 0, 0, 0, 0, 0, '', '', ''),
(1608, 1000000237, 355, 0, 0, 0, 0, 0, '', '', ''),
(1609, 1000000237, 356, 0, 0, 0, 0, 0, '', '', ''),
(1610, 1000000244, 354, 2, 5, 0, 0, 3.5, 'Failed', '', 'First'),
(1611, 1000000244, 355, 3, 1, 0, 0, 2, 'Passed', '', 'First'),
(1612, 1000000244, 356, 1, 3, 0, 0, 2, 'Passed', '', 'First'),
(1613, 1000000244, 354, 0, 0, 0, 0, 0, '', '', 'First'),
(1614, 1000000244, 355, 0, 0, 0, 0, 0, '', '', 'First'),
(1615, 1000000244, 356, 0, 0, 0, 0, 0, '', '', 'First'),
(1616, 1000000245, 354, 2, 2, 0, 0, 2, 'Passed', '', 'First'),
(1617, 1000000245, 355, 5, 5, 0, 0, 5, 'Failed', '', 'First'),
(1618, 1000000245, 356, 0, 0, 0, 0, 0, '', '', 'First'),
(1619, 1000000245, 354, 0, 0, 0, 0, 0, '', '', 'First'),
(1620, 1000000245, 355, 0, 0, 0, 0, 0, '', '', 'First'),
(1621, 1000000245, 356, 0, 0, 0, 0, 0, '', '', 'First'),
(1622, 1000000246, 354, 0, 0, 0, 0, 0, '', '', 'First'),
(1623, 1000000246, 355, 0, 0, 0, 0, 0, '', '', 'First'),
(1624, 1000000246, 356, 0, 0, 0, 0, 0, '', '', 'First'),
(1625, 1000000246, 354, 0, 0, 0, 0, 0, '', '', 'First'),
(1626, 1000000246, 355, 0, 0, 0, 0, 0, '', '', 'First'),
(1627, 1000000246, 356, 0, 0, 0, 0, 0, '', '', 'First'),
(1628, 1000000247, 346, 1, 1, 0, 0, 1, 'Passed', '', 'First'),
(1629, 1000000247, 347, 0, 0, 0, 0, 0, '', '', 'First'),
(1630, 1000000247, 348, 0, 0, 0, 0, 0, '', '', 'First'),
(1631, 1000000247, 349, 0, 0, 0, 0, 0, '', '', 'First'),
(1632, 1000000247, 350, 0, 0, 0, 0, 0, '', '', 'First'),
(1633, 1000000247, 351, 0, 0, 0, 0, 0, '', '', 'First'),
(1634, 1000000247, 352, 0, 0, 0, 0, 0, '', '', 'First'),
(1635, 1000000247, 353, 0, 0, 0, 0, 0, '', '', 'First'),
(1636, 1000000234, 355, 1, 3, 0, 0, 1.75, 'Passed', '', 'First'),
(1637, 1000000248, 354, 1, 1, 0, 0, 1, 'Passed', '', 'First'),
(1638, 1000000248, 355, 2, 2, 0, 0, 2, 'Passed', '', 'First'),
(1639, 1000000248, 356, 3, 4, 0, 0, 3.5, 'Failed', '', 'First'),
(1640, 1000000248, 354, 0, 0, 0, 0, 0, '', '', 'First'),
(1641, 1000000248, 355, 0, 0, 0, 0, 0, '', '', 'First'),
(1642, 1000000248, 356, 0, 0, 0, 0, 0, '', '', 'First'),
(1643, 1000000249, 355, 5, 2, 0, 0, 3.5, 'Failed', '', 'First'),
(1644, 1000000249, 354, 3, 1, 0, 0, 1.75, 'Passed', '', 'First'),
(1645, 1000000249, 356, 1, 3, 0, 0, 1.77, 'Passed', '', 'First'),
(1646, 1000000250, 354, 0, 0, 0, 0, 0, '', '', ''),
(1647, 1000000250, 355, 0, 0, 0, 0, 0, '', '', ''),
(1648, 1000000250, 356, 0, 0, 0, 0, 0, '', '', ''),
(1649, 1000000251, 354, 0, 0, 0, 0, 0, '', '', 'First'),
(1650, 1000000251, 355, 0, 0, 0, 0, 0, '', '', 'First'),
(1651, 1000000251, 356, 0, 0, 0, 0, 0, '', '', 'First'),
(1652, 1000000251, 354, 0, 0, 0, 0, 0, '', '', 'First'),
(1653, 1000000251, 355, 0, 0, 0, 0, 0, '', '', 'First'),
(1654, 1000000251, 356, 0, 0, 0, 0, 0, '', '', 'First'),
(1655, 1000000252, 354, 1, 1, 0, 0, 1, 'Passed', '', ''),
(1656, 1000000252, 355, 1, 2, 0, 0, 1.5, 'Passed', '', ''),
(1657, 1000000252, 356, 2, 5, 0, 0, 3.5, 'Failed', '', ''),
(1658, 1000000253, 354, 0, 0, 0, 0, 0, '', '', ''),
(1659, 1000000253, 355, 0, 0, 0, 0, 0, '', '', ''),
(1660, 1000000253, 356, 0, 0, 0, 0, 0, '', '', ''),
(1661, 1000000254, 346, 0, 0, 0, 0, 0, '', '', 'First'),
(1662, 1000000254, 347, 0, 0, 0, 0, 0, '', '', 'First'),
(1663, 1000000254, 348, 0, 0, 0, 0, 0, '', '', 'First'),
(1664, 1000000254, 349, 0, 0, 0, 0, 0, '', '', 'First'),
(1665, 1000000254, 350, 0, 0, 0, 0, 0, '', '', 'First'),
(1666, 1000000254, 351, 0, 0, 0, 0, 0, '', '', 'First'),
(1667, 1000000254, 352, 0, 0, 0, 0, 0, '', '', 'First'),
(1668, 1000000254, 353, 0, 0, 0, 0, 0, '', '', 'First'),
(1669, 1000000255, 354, 0, 0, 0, 0, 0, '', '', 'First'),
(1670, 1000000255, 355, 0, 0, 0, 0, 0, '', '', 'First'),
(1671, 1000000255, 356, 0, 0, 0, 0, 0, '', '', 'First'),
(1672, 1000000258, 354, 0, 0, 0, 0, 0, '', '', 'First'),
(1673, 1000000258, 355, 0, 0, 0, 0, 0, '', '', 'First'),
(1674, 1000000258, 356, 0, 0, 0, 0, 0, '', '', 'First'),
(1675, 1000000257, 354, 0, 0, 0, 0, 0, '', '', 'First'),
(1676, 1000000257, 355, 0, 0, 0, 0, 0, '', '', 'First'),
(1677, 1000000257, 356, 0, 0, 0, 0, 0, '', '', 'First'),
(1678, 1000000256, 354, 0, 0, 0, 0, 0, '', '', 'First'),
(1679, 1000000256, 355, 0, 0, 0, 0, 0, '', '', 'First'),
(1680, 1000000218, 359, 0, 0, 0, 0, 0, '', '', 'First'),
(1681, 1000000218, 360, 0, 0, 0, 0, 0, '', '', 'First'),
(1682, 1000000218, 361, 0, 0, 0, 0, 0, '', '', 'First'),
(1683, 1000000218, 362, 0, 0, 0, 0, 0, '', '', 'First'),
(1684, 1000000218, 363, 0, 0, 0, 0, 0, '', '', 'First'),
(1685, 1000000218, 364, 0, 0, 0, 0, 0, '', '', 'First');

-- --------------------------------------------------------

--
-- Table structure for table `password_resets`
--

CREATE TABLE `password_resets` (
  `id` int(11) NOT NULL,
  `email` varchar(255) NOT NULL,
  `otp` varchar(6) NOT NULL,
  `expires_at` datetime NOT NULL,
  `is_used` tinyint(1) DEFAULT 0
) ENGINE=InnoDB DEFAULT CHARSET=utf8mb4 COLLATE=utf8mb4_general_ci;

--
-- Dumping data for table `password_resets`
--

INSERT INTO `password_resets` (`id`, `email`, `otp`, `expires_at`, `is_used`) VALUES
(1, 'joerenzescallente027@gmail.com', '194882', '2024-09-19 13:38:31', 0),
(2, 'joerenzescallente027@gmail.com', '111256', '2024-09-19 15:53:08', 0),
(3, 'joerenzescallente027@gmail.com', '694052', '2024-09-19 15:57:11', 0),
(4, 'joerenzescallente027@gmail.com', '442540', '2024-09-19 15:59:01', 0),
(5, 'dorabarney2024@gmail.com', '339712', '2024-09-19 16:00:02', 0),
(6, 'dorabarney2024@gmail.com', '281849', '2024-09-19 16:02:03', 0),
(7, 'dorabarney2024@gmail.com', '937305', '2024-09-19 16:05:14', 0),
(8, 'dorabarney2024@gmail.com', '109427', '2024-09-19 16:08:04', 0),
(9, 'dorabarney2024@gmail.com', '573115', '2024-09-19 16:10:29', 0),
(10, 'dorabarney2024@gmail.com', '163947', '2024-09-19 16:19:58', 0),
(11, 'redginepinedes09@gmail.com', '701298', '2024-09-19 16:27:33', 0),
(12, 'dorabarney2024@gmail.com', '464122', '2024-09-19 16:43:27', 0),
(13, 'dorabarney2024@gmail.com', '157417', '2024-09-19 16:55:15', 0),
(14, 'dorabarney2024@gmail.com', '170571', '2024-09-19 16:55:20', 0),
(15, 'dorabarney2024@gmail.com', '401608', '2024-09-19 17:23:16', 0),
(16, 'dorabarney2024@gmail.com', '818499', '2024-09-19 17:23:21', 0),
(17, 'dorabarney2024@gmail.com', '599550', '2024-09-19 17:35:04', 0),
(18, 'dorabarney2024@gmail.com', '591208', '2024-09-19 18:00:45', 0),
(19, 'dorabarney2024@gmail.com', '231019', '2024-09-19 18:08:10', 0),
(20, 'dorabarney2024@gmail.com', '820109', '2024-09-19 18:19:56', 0),
(21, 'dorabarney2024@gmail.com', '690265', '2024-09-19 18:20:03', 0),
(22, 'dorabarney2024@gmail.com', '351131', '2024-09-19 18:20:28', 0),
(23, 'dorabarney2024@gmail.com', '523690', '2024-09-19 18:20:55', 0),
(24, 'dorabarney2024@gmail.com', '180423', '2024-09-19 18:21:43', 0),
(25, 'dorabarney2024@gmail.com', '940129', '2024-09-19 18:22:48', 0),
(26, 'dorabarney2024@gmail.com', '572307', '2024-09-19 18:25:05', 0),
(27, '09100668203', '834798', '2024-09-19 18:26:23', 0),
(28, '09100668203', '314061', '2024-09-19 18:27:03', 0),
(29, '09100668203', '451229', '2024-09-19 18:27:04', 0),
(30, '09100668203', '209849', '2024-09-19 18:27:37', 0),
(31, 'dorabarney2024@gmail.com', '215497', '2024-09-19 18:27:48', 0),
(32, 'dorabarney2024@gmail.com', '320703', '2024-09-19 18:27:53', 0),
(33, 'dorabarney2024@gmail.com', '595336', '2024-09-19 18:53:47', 0),
(34, 'dorabarney2024@gmail.com', '901638', '2024-09-19 18:54:34', 0),
(35, 'dorabarney2024@gmail.com', '722483', '2024-09-19 18:55:35', 0),
(36, 'dorabarney2024@gmail.com', '778092', '2024-09-19 18:56:04', 0),
(37, 'dorabarney2024@gmail.com', '917321', '2024-09-19 18:57:53', 0),
(38, 'dorabarney2024@gmail.com', '110327', '2024-09-19 18:58:54', 0),
(39, 'dorabarney2024@gmail.com', '794653', '2024-09-19 18:59:30', 0),
(40, 'dorabarney2024@gmail.com', '712078', '2024-09-19 18:59:34', 0),
(41, '09100668203', '481714', '2024-09-19 19:01:30', 0),
(42, 'dorabarney2024@gmail.com', '797278', '2024-09-19 19:01:57', 0),
(43, 'dorabarney2024@gmail.com', '837389', '2024-09-19 19:06:41', 0),
(44, 'dorabarney2024@gmail.com', '202842', '2024-09-19 19:08:26', 0),
(45, 'dabayot8@gmail.com', '279561', '2024-09-20 05:38:42', 0),
(46, 'davidbayot8@gmail.com', '115607', '2024-09-20 05:39:04', 0),
(47, 'wanomelissa2@gmail.com', '987642', '2024-09-20 05:41:28', 0),
(48, 'joerenzescallente027@gmail.com', '614309', '2024-09-20 07:32:54', 0),
(49, 'joerenzescallente027@gmail.com', '761015', '2024-09-20 09:27:22', 0),
(50, 'joerenzescallente027@gmail.com', '918548', '2024-09-23 14:09:40', 0),
(51, '123445', '930967', '2024-09-23 14:24:43', 0),
(52, 'joerenzescallente027@gmail.com', '863474', '2024-09-23 14:25:11', 0),
(53, 'joerenzescallente027@gmail.com', '318983', '2024-09-23 14:32:29', 0),
(54, 'joerenzescallente027@gmail.com', '685280', '2024-09-23 14:36:36', 0),
(55, 'joerenzescallente027@gmail.com', '394706', '2024-09-23 14:39:03', 0),
(56, 'joerenzescallente027@gmail.com', '128504', '2024-09-23 14:41:20', 0),
(57, 'joerenzescallente027@gmail.com', '325282', '2024-09-23 14:58:34', 0),
(58, 'joerenzescallente027@gmail.com', '520157', '2024-09-23 15:11:14', 0),
(59, 'joerenzescallente027@gmail.com', '321545', '2024-09-23 15:13:07', 0),
(60, 'joerenzescallente027@gmail.com', '579923', '2024-09-23 15:14:32', 0),
(61, 'joerenzescallente027@gmail.com', '381508', '2024-09-23 15:23:44', 0),
(62, 'joerenzescallente027@gmail.com', '738093', '2024-09-23 15:31:03', 0),
(63, 'joerenzescallente027@gmail.com', '928873', '2024-09-23 15:33:27', 0),
(64, 'joerenzescallente027@gmail.com', '218346', '2024-09-23 15:35:30', 0),
(65, 'joerenzescallente027@gmail.com', '426617', '2024-09-23 15:39:20', 0),
(66, 'joerenzescallente027@gmail.com', '677914', '2024-09-23 16:05:17', 0),
(67, 'joerenzescallente027@gmail.com', '272379', '2024-09-23 16:19:54', 0),
(68, 'joerenzescallente027@gmail.com', '476079', '2024-09-23 16:21:46', 0),
(69, 'joerenzescallente027@gmail.com', '994725', '2024-09-23 16:42:03', 0),
(70, 'joerenzescallente027@gmail.com', '606413', '2024-09-23 16:47:43', 0),
(71, 'joerenzescallente027@gmail.com', '468051', '2024-09-23 16:49:51', 0),
(72, 'joerenzescallente027@gmail.com', '429809', '2024-09-23 16:49:57', 0),
(73, 'joerenzescallente027@gmail.com', '160802', '2024-09-23 16:51:47', 0),
(74, 'dorabarney2024@gmail.com', '408110', '2024-09-23 16:56:09', 0),
(75, 'dorabarney2024@gmail.com', '443967', '2024-09-23 17:03:16', 0),
(76, 'dorabarney2024@gmail.com', '327862', '2024-09-23 17:25:05', 0),
(77, 'joerenzescallente027@gmail.com', '147359', '2024-09-23 17:25:57', 0),
(78, 'dorabarney2024@gmail.com', '284818', '2024-09-23 17:26:51', 0),
(79, 'joerenzescallente027@gmail.com', '429302', '2024-09-26 03:59:28', 0),
(80, 'joerenzescallente027@gmail.com', '542615', '2024-09-27 19:03:20', 0),
(81, 'joerenzescallente027@gmail.com', '834455', '2024-09-27 19:05:04', 0),
(82, 'joerenzescallente027@gmail.com', '797720', '2024-09-27 19:06:12', 0),
(83, 'joerenzescallente027@gmail.com', '805375', '2024-09-27 19:07:11', 0),
(84, 'joerenzescallente027@gmail.com', '803193', '2024-09-27 19:09:33', 0),
(85, 'joerenzescallente027@gmail.com', '241078', '2024-09-27 19:16:59', 0),
(86, 'joerenzescallente027@gmail.com', '144062', '2024-09-27 19:20:56', 0),
(87, 'joerenzescallente027@gmail.com', '509387', '2024-09-27 19:24:58', 0),
(88, 'joerenzescallente027@gmail.com', '247193', '2024-09-27 19:30:43', 0),
(89, 'joerenzescallente027@gmail.com', '874807', '2024-09-27 19:31:33', 0),
(90, 'joerenzescallente027@gmail.com', '229326', '2024-10-01 08:10:13', 0),
(91, 'cdbarcelona.spcpc@gmail.com', '873095', '2024-10-02 05:22:44', 0),
(92, 'joerenzescallente027@gmail.com', '254585', '2024-10-04 08:39:20', 0),
(93, 'joerenzescallente027@gmail.com', '444548', '2024-10-04 14:39:19', 0),
(94, 'joerenzescallente027@gmail.com', '658245', '2024-10-04 14:54:01', 0),
(95, 'joerenzescallente027@gmail.com', '770999', '2024-10-04 14:56:54', 0),
(96, 'joerenzescallente027@gmail.com', '292491', '2024-10-04 15:04:16', 1),
(97, 'joerenzescallente027@gmail.com', '482145', '2024-10-04 15:24:43', 0),
(98, 'joerenzescallente027@gmail.com', '344746', '2024-10-04 15:28:43', 0),
(99, 'joerenzescallente027@gmail.com', '692853', '2024-10-04 15:34:37', 0),
(100, 'joerenzescallente027@gmail.com', '961717', '2024-10-04 15:35:27', 0),
(101, '09100668203', '688053', '2024-10-04 15:45:02', 0),
(102, 'joerenzescallente027@gmail.com', '337583', '2024-10-04 15:47:29', 0),
(103, 'joerenzescallente027@gmail.com', '585423', '2024-10-04 15:53:03', 0),
(104, 'joerenzescallente027@gmail.com', '544282', '2024-10-04 15:56:15', 0),
(105, 'joerenzescallente027@gmail.com', '870267', '2024-10-04 16:03:20', 0),
(106, 'joerenzescallente027@gmail.com', '829062', '2024-10-04 16:11:08', 0),
(107, 'joerenzescallente027@gmail.com', '371619', '2024-10-04 16:12:07', 0),
(108, 'joerenzescallente027@gmail.com', '740265', '2024-10-04 16:13:43', 0),
(109, 'joerenzescallente027@gmail.com', '507300', '2024-10-04 16:14:17', 0);

-- --------------------------------------------------------

--
-- Table structure for table `schoolyr`
--

CREATE TABLE `schoolyr` (
  `SYID` int(11) NOT NULL,
  `AY` varchar(30) NOT NULL,
  `SEMESTER` varchar(20) NOT NULL,
  `COURSE_ID` int(11) NOT NULL,
  `IDNO` int(30) NOT NULL,
  `CATEGORY` varchar(30) NOT NULL DEFAULT 'ENROLLED',
  `DATE_RESERVED` datetime NOT NULL,
  `DATE_ENROLLED` datetime NOT NULL,
  `STATUS` varchar(30) NOT NULL DEFAULT 'New'
) ENGINE=InnoDB DEFAULT CHARSET=latin1 COLLATE=latin1_swedish_ci;

--
-- Dumping data for table `schoolyr`
--

INSERT INTO `schoolyr` (`SYID`, `AY`, `SEMESTER`, `COURSE_ID`, `IDNO`, `CATEGORY`, `DATE_RESERVED`, `DATE_ENROLLED`, `STATUS`) VALUES
(200, '2024-2025', 'First', 1, 1000000203, 'ENROLLED', '2024-09-01 00:00:00', '2024-09-01 00:00:00', 'New'),
(201, '2024-2025', 'First', 1, 1000000204, 'ENROLLED', '2024-09-01 00:00:00', '2024-09-01 00:00:00', 'New'),
(202, '2024-2025', 'First', 1, 1000000205, 'ENROLLED', '2024-09-01 00:00:00', '2024-09-01 00:00:00', 'New'),
(203, '2024-2025', 'First', 1, 1000000206, 'ENROLLED', '2024-09-02 00:00:00', '2024-09-02 00:00:00', 'New'),
(204, '2024-2025', 'First', 5, 1000000207, 'ENROLLED', '2024-09-02 00:00:00', '2024-09-02 00:00:00', 'New'),
(205, '2024-2025', 'First', 1, 1000000208, 'ENROLLED', '2024-09-11 00:00:00', '2024-09-11 00:00:00', 'New'),
(206, '2024-2025', 'First', 1, 1000000209, 'ENROLLED', '2024-09-11 00:00:00', '2024-09-11 00:00:00', 'New'),
(207, '2024-2025', 'First', 5, 1000000210, 'ENROLLED', '2024-09-12 00:00:00', '2024-09-12 00:00:00', 'New'),
(208, '2024-2025', 'First', 1, 1000000211, 'ENROLLED', '2024-09-12 00:00:00', '2024-09-12 00:00:00', 'New'),
(209, '2024-2025', 'First', 2, 1000000212, 'ENROLLED', '2024-09-12 00:00:00', '2024-09-12 00:00:00', 'New'),
(210, '2024-2025', 'First', 1, 1000000213, 'ENROLLED', '2024-09-12 00:00:00', '2024-09-12 00:00:00', 'New'),
(211, '2024-2025', 'First', 1, 1000000214, 'ENROLLED', '2024-09-12 00:00:00', '2024-09-12 00:00:00', 'New'),
(212, '2024-2025', 'First', 1, 1000000215, 'ENROLLED', '2024-09-12 00:00:00', '2024-09-12 00:00:00', 'New'),
(213, '2024-2025', 'First', 1, 1000000216, 'ENROLLED', '2024-09-12 00:00:00', '2024-09-12 00:00:00', 'New'),
(214, '2024-2025', 'First', 1, 1000000216, 'ENROLLED', '2024-09-12 00:00:00', '2024-09-12 00:00:00', 'New'),
(215, '2024-2025', 'First', 1, 1000000216, 'ENROLLED', '2024-09-12 00:00:00', '2024-09-12 00:00:00', 'New'),
(216, '2024-2025', 'First', 1, 1000000216, 'ENROLLED', '2024-09-12 00:00:00', '2024-09-12 00:00:00', 'New'),
(217, '2024-2025', 'First', 1, 1000000216, 'ENROLLED', '2024-09-12 00:00:00', '2024-09-12 00:00:00', 'New'),
(218, '2024-2025', 'First', 1, 1000000216, 'ENROLLED', '2024-09-12 00:00:00', '2024-09-12 00:00:00', 'New'),
(219, '2024-2025', 'First', 1, 1000000216, 'ENROLLED', '2024-09-12 00:00:00', '2024-09-12 00:00:00', 'New'),
(220, '2024-2025', 'First', 1, 1000000216, 'ENROLLED', '2024-09-12 00:00:00', '2024-09-12 00:00:00', 'New'),
(221, '2024-2025', 'First', 1, 1000000217, 'ENROLLED', '2024-09-12 00:00:00', '2024-09-12 00:00:00', 'New'),
(222, '2024-2025', 'First', 1, 1000000217, 'ENROLLED', '2024-09-12 00:00:00', '2024-09-12 00:00:00', 'New'),
(223, '2024-2025', 'First', 1, 1000000217, 'ENROLLED', '2024-09-12 00:00:00', '2024-09-12 00:00:00', 'New'),
(224, '2024-2025', 'First', 1, 1000000217, 'ENROLLED', '2024-09-12 00:00:00', '2024-09-12 00:00:00', 'New'),
(225, '2024-2025', 'First', 1, 1000000217, 'ENROLLED', '2024-09-12 00:00:00', '2024-09-12 00:00:00', 'New'),
(226, '2024-2025', 'First', 1, 1000000217, 'ENROLLED', '2024-09-12 00:00:00', '2024-09-12 00:00:00', 'New'),
(227, '2024-2025', 'First', 1, 1000000217, 'ENROLLED', '2024-09-12 00:00:00', '2024-09-12 00:00:00', 'New'),
(228, '2024-2025', 'First', 1, 1000000217, 'ENROLLED', '2024-09-12 00:00:00', '2024-09-12 00:00:00', 'New'),
(229, '2024-2025', 'First', 2, 1000000221, 'ENROLLED', '2024-09-18 00:00:00', '2024-09-18 00:00:00', 'New'),
(230, '2024-2025', 'First', 2, 1000000221, 'ENROLLED', '2024-09-18 00:00:00', '2024-09-18 00:00:00', 'New'),
(231, '2024-2025', 'First', 2, 1000000221, 'ENROLLED', '2024-09-18 00:00:00', '2024-09-18 00:00:00', 'New'),
(232, '2024-2025', 'First', 2, 1000000222, 'ENROLLED', '2024-09-18 00:00:00', '2024-09-18 00:00:00', 'New'),
(233, '2024-2025', 'First', 2, 1000000222, 'ENROLLED', '2024-09-18 00:00:00', '2024-09-18 00:00:00', 'New'),
(234, '2024-2025', 'First', 2, 1000000222, 'ENROLLED', '2024-09-18 00:00:00', '2024-09-18 00:00:00', 'New'),
(235, '2024-2025', 'First', 2, 1000000224, 'ENROLLED', '2024-09-18 00:00:00', '2024-09-18 00:00:00', 'New'),
(236, '2024-2025', 'First', 2, 1000000224, 'ENROLLED', '2024-09-18 00:00:00', '2024-09-18 00:00:00', 'New'),
(237, '2024-2025', 'First', 2, 1000000224, 'ENROLLED', '2024-09-18 00:00:00', '2024-09-18 00:00:00', 'New'),
(238, '2024-2025', 'First', 5, 1000000228, 'ENROLLED', '2024-09-18 00:00:00', '2024-09-18 00:00:00', 'New'),
(239, '2024-2025', 'First', 5, 1000000228, 'ENROLLED', '2024-09-18 00:00:00', '2024-09-18 00:00:00', 'New'),
(240, '2024-2025', 'First', 1, 1000000231, 'ENROLLED', '2024-09-18 00:00:00', '2024-09-18 00:00:00', 'New'),
(241, '2024-2025', 'First', 1, 1000000231, 'ENROLLED', '2024-09-18 00:00:00', '2024-09-18 00:00:00', 'New'),
(242, '2024-2025', 'First', 1, 1000000231, 'ENROLLED', '2024-09-18 00:00:00', '2024-09-18 00:00:00', 'New'),
(243, '2024-2025', 'First', 1, 1000000231, 'ENROLLED', '2024-09-18 00:00:00', '2024-09-18 00:00:00', 'New'),
(244, '2024-2025', 'First', 1, 1000000231, 'ENROLLED', '2024-09-18 00:00:00', '2024-09-18 00:00:00', 'New'),
(245, '2024-2025', 'First', 1, 1000000231, 'ENROLLED', '2024-09-18 00:00:00', '2024-09-18 00:00:00', 'New'),
(246, '2024-2025', 'First', 1, 1000000231, 'ENROLLED', '2024-09-18 00:00:00', '2024-09-18 00:00:00', 'New'),
(247, '2024-2025', 'First', 1, 1000000231, 'ENROLLED', '2024-09-18 00:00:00', '2024-09-18 00:00:00', 'New'),
(248, '2024-2025', 'First', 1, 1000000232, 'ENROLLED', '2024-09-23 00:00:00', '2024-09-23 00:00:00', 'New'),
(249, '2024-2025', 'First', 1, 1000000232, 'ENROLLED', '2024-09-23 00:00:00', '2024-09-23 00:00:00', 'New'),
(250, '2024-2025', 'First', 1, 1000000232, 'ENROLLED', '2024-09-23 00:00:00', '2024-09-23 00:00:00', 'New'),
(251, '2024-2025', 'First', 1, 1000000232, 'ENROLLED', '2024-09-23 00:00:00', '2024-09-23 00:00:00', 'New'),
(252, '2024-2025', 'First', 1, 1000000232, 'ENROLLED', '2024-09-23 00:00:00', '2024-09-23 00:00:00', 'New'),
(253, '2024-2025', 'First', 1, 1000000232, 'ENROLLED', '2024-09-23 00:00:00', '2024-09-23 00:00:00', 'New'),
(254, '2024-2025', 'First', 1, 1000000232, 'ENROLLED', '2024-09-23 00:00:00', '2024-09-23 00:00:00', 'New'),
(255, '2024-2025', 'First', 1, 1000000232, 'ENROLLED', '2024-09-23 00:00:00', '2024-09-23 00:00:00', 'New'),
(256, '2024-2025', 'First', 5, 1000000220, 'ENROLLED', '2024-09-23 00:00:00', '2024-09-23 00:00:00', 'New'),
(257, '2024-2025', 'First', 5, 1000000220, 'ENROLLED', '2024-09-23 00:00:00', '2024-09-23 00:00:00', 'New'),
(258, '2024-2025', 'First', 2, 1000000235, 'ENROLLED', '2024-09-23 00:00:00', '2024-09-23 00:00:00', 'New'),
(259, '2024-2025', 'First', 2, 1000000235, 'ENROLLED', '2024-09-23 00:00:00', '2024-09-23 00:00:00', 'New'),
(260, '2024-2025', 'First', 2, 1000000236, 'ENROLLED', '2024-09-26 00:00:00', '2024-09-26 00:00:00', 'New'),
(261, '2024-2025', 'First', 2, 1000000236, 'ENROLLED', '2024-09-26 00:00:00', '2024-09-26 00:00:00', 'New'),
(262, '2024-2025', 'First', 2, 1000000236, 'ENROLLED', '2024-09-26 00:00:00', '2024-09-26 00:00:00', 'New'),
(263, '2024-2025', 'First', 2, 1000000237, 'ENROLLED', '2024-09-27 00:00:00', '2024-09-27 00:00:00', 'New'),
(264, '2024-2025', 'First', 2, 1000000237, 'ENROLLED', '2024-09-27 00:00:00', '2024-09-27 00:00:00', 'New'),
(265, '2024-2025', 'First', 2, 1000000237, 'ENROLLED', '2024-09-27 00:00:00', '2024-09-27 00:00:00', 'New'),
(266, '2024-2025', 'First', 2, 1000000237, 'ENROLLED', '2024-09-27 00:00:00', '2024-09-27 00:00:00', 'Old'),
(267, '2024-2025', 'First', 2, 1000000237, 'ENROLLED', '2024-09-27 00:00:00', '2024-09-27 00:00:00', 'Old'),
(268, '2024-2025', 'First', 2, 1000000237, 'ENROLLED', '2024-09-27 00:00:00', '2024-09-27 00:00:00', 'Old'),
(269, '2024-2025', 'First', 2, 1000000237, 'ENROLLED', '2024-09-27 00:00:00', '2024-09-27 00:00:00', 'Old'),
(270, '2024-2025', 'First', 2, 1000000237, 'ENROLLED', '2024-09-27 00:00:00', '2024-09-27 00:00:00', 'Old'),
(271, '2024-2025', 'First', 2, 1000000237, 'ENROLLED', '2024-09-27 00:00:00', '2024-09-27 00:00:00', 'Old'),
(272, '2024-2025', 'First', 2, 1000000244, 'ENROLLED', '2024-09-27 00:00:00', '2024-09-27 00:00:00', 'New'),
(273, '2024-2025', 'First', 2, 1000000244, 'ENROLLED', '2024-09-27 00:00:00', '2024-09-27 00:00:00', 'New'),
(274, '2024-2025', 'First', 2, 1000000244, 'ENROLLED', '2024-09-27 00:00:00', '2024-09-27 00:00:00', 'New'),
(275, '2024-2025', 'First', 0, 1000000244, 'ENROLLED', '2024-09-27 00:00:00', '2024-09-27 00:00:00', 'Old'),
(276, '2024-2025', 'First', 2, 1000000245, 'ENROLLED', '2024-10-02 00:00:00', '2024-10-02 00:00:00', 'New'),
(277, '2024-2025', 'First', 2, 1000000245, 'ENROLLED', '2024-10-02 00:00:00', '2024-10-02 00:00:00', 'New'),
(278, '2024-2025', 'First', 2, 1000000245, 'ENROLLED', '2024-10-02 00:00:00', '2024-10-02 00:00:00', 'New'),
(279, '2024-2025', 'First', 2, 1000000245, 'ENROLLED', '2024-10-02 00:00:00', '2024-10-02 00:00:00', 'New'),
(280, '2024-2025', 'First', 2, 1000000245, 'ENROLLED', '2024-10-02 00:00:00', '2024-10-02 00:00:00', 'New'),
(281, '2024-2025', 'First', 2, 1000000245, 'ENROLLED', '2024-10-02 00:00:00', '2024-10-02 00:00:00', 'New'),
(282, '2024-2025', 'First', 2, 1000000246, 'ENROLLED', '2024-10-02 00:00:00', '2024-10-02 00:00:00', 'New'),
(283, '2024-2025', 'First', 2, 1000000246, 'ENROLLED', '2024-10-02 00:00:00', '2024-10-02 00:00:00', 'New'),
(284, '2024-2025', 'First', 2, 1000000246, 'ENROLLED', '2024-10-02 00:00:00', '2024-10-02 00:00:00', 'New'),
(285, '2024-2025', 'First', 2, 1000000246, 'ENROLLED', '2024-10-02 00:00:00', '2024-10-02 00:00:00', 'New'),
(286, '2024-2025', 'First', 2, 1000000246, 'ENROLLED', '2024-10-02 00:00:00', '2024-10-02 00:00:00', 'New'),
(287, '2024-2025', 'First', 2, 1000000246, 'ENROLLED', '2024-10-02 00:00:00', '2024-10-02 00:00:00', 'New'),
(288, '2024-2025', 'First', 1, 1000000247, 'ENROLLED', '2024-10-02 00:00:00', '2024-10-02 00:00:00', 'New'),
(289, '2024-2025', 'First', 1, 1000000247, 'ENROLLED', '2024-10-02 00:00:00', '2024-10-02 00:00:00', 'New'),
(290, '2024-2025', 'First', 1, 1000000247, 'ENROLLED', '2024-10-02 00:00:00', '2024-10-02 00:00:00', 'New'),
(291, '2024-2025', 'First', 1, 1000000247, 'ENROLLED', '2024-10-02 00:00:00', '2024-10-02 00:00:00', 'New'),
(292, '2024-2025', 'First', 1, 1000000247, 'ENROLLED', '2024-10-02 00:00:00', '2024-10-02 00:00:00', 'New'),
(293, '2024-2025', 'First', 1, 1000000247, 'ENROLLED', '2024-10-02 00:00:00', '2024-10-02 00:00:00', 'New'),
(294, '2024-2025', 'First', 1, 1000000247, 'ENROLLED', '2024-10-02 00:00:00', '2024-10-02 00:00:00', 'New'),
(295, '2024-2025', 'First', 1, 1000000247, 'ENROLLED', '2024-10-02 00:00:00', '2024-10-02 00:00:00', 'New'),
(296, '2024-2025', 'First', 2, 1000000234, 'ENROLLED', '2024-10-02 00:00:00', '2024-10-02 00:00:00', 'New'),
(297, '2024-2025', 'First', 2, 1000000248, 'ENROLLED', '2024-10-02 00:00:00', '2024-10-02 00:00:00', 'New'),
(298, '2024-2025', 'First', 2, 1000000248, 'ENROLLED', '2024-10-02 00:00:00', '2024-10-02 00:00:00', 'New'),
(299, '2024-2025', 'First', 2, 1000000248, 'ENROLLED', '2024-10-02 00:00:00', '2024-10-02 00:00:00', 'New'),
(300, '2024-2025', 'First', 0, 1000000248, 'ENROLLED', '2024-10-02 00:00:00', '2024-10-02 00:00:00', 'Old'),
(301, '2024-2025', 'First', 2, 1000000249, 'ENROLLED', '2024-10-02 00:00:00', '2024-10-02 00:00:00', 'New'),
(302, '2024-2025', 'First', 2, 1000000249, 'ENROLLED', '2024-10-02 00:00:00', '2024-10-02 00:00:00', 'New'),
(303, '2024-2025', 'First', 2, 1000000249, 'ENROLLED', '2024-10-02 00:00:00', '2024-10-02 00:00:00', 'New'),
(304, '2024-2025', 'First', 2, 1000000250, 'ENROLLED', '2024-10-04 00:00:00', '2024-10-04 00:00:00', 'New'),
(305, '2024-2025', 'First', 2, 1000000251, 'ENROLLED', '2024-10-04 00:00:00', '2024-10-04 00:00:00', 'New'),
(306, '2024-2025', 'First', 2, 1000000251, 'ENROLLED', '2024-10-04 00:00:00', '2024-10-04 00:00:00', 'New'),
(307, '2024-2025', 'First', 2, 1000000251, 'ENROLLED', '2024-10-04 00:00:00', '2024-10-04 00:00:00', 'New'),
(308, '2024-2025', 'First', 2, 1000000251, 'ENROLLED', '2024-10-04 00:00:00', '2024-10-04 00:00:00', 'New'),
(309, '2024-2025', 'First', 2, 1000000251, 'ENROLLED', '2024-10-04 00:00:00', '2024-10-04 00:00:00', 'New'),
(310, '2024-2025', 'First', 2, 1000000251, 'ENROLLED', '2024-10-04 00:00:00', '2024-10-04 00:00:00', 'New'),
(311, '2024-2025', 'First', 2, 1000000252, 'ENROLLED', '2024-10-04 00:00:00', '2024-10-04 00:00:00', 'New'),
(312, '2024-2025', 'First', 2, 1000000253, 'ENROLLED', '2024-10-04 00:00:00', '2024-10-04 00:00:00', 'New'),
(313, '2024-2025', 'First', 1, 1000000254, 'ENROLLED', '2024-10-04 00:00:00', '2024-10-04 00:00:00', 'New'),
(314, '2024-2025', 'First', 1, 1000000254, 'ENROLLED', '2024-10-04 00:00:00', '2024-10-04 00:00:00', 'New'),
(315, '2024-2025', 'First', 1, 1000000254, 'ENROLLED', '2024-10-04 00:00:00', '2024-10-04 00:00:00', 'New'),
(316, '2024-2025', 'First', 1, 1000000254, 'ENROLLED', '2024-10-04 00:00:00', '2024-10-04 00:00:00', 'New'),
(317, '2024-2025', 'First', 1, 1000000254, 'ENROLLED', '2024-10-04 00:00:00', '2024-10-04 00:00:00', 'New'),
(318, '2024-2025', 'First', 1, 1000000254, 'ENROLLED', '2024-10-04 00:00:00', '2024-10-04 00:00:00', 'New'),
(319, '2024-2025', 'First', 1, 1000000254, 'ENROLLED', '2024-10-04 00:00:00', '2024-10-04 00:00:00', 'New'),
(320, '2024-2025', 'First', 1, 1000000254, 'ENROLLED', '2024-10-04 00:00:00', '2024-10-04 00:00:00', 'New'),
(321, '2024-2025', 'First', 2, 1000000255, 'ENROLLED', '2024-10-04 00:00:00', '2024-10-04 00:00:00', 'New'),
(322, '2024-2025', 'First', 2, 1000000255, 'ENROLLED', '2024-10-04 00:00:00', '2024-10-04 00:00:00', 'New'),
(323, '2024-2025', 'First', 2, 1000000255, 'ENROLLED', '2024-10-04 00:00:00', '2024-10-04 00:00:00', 'New'),
(324, '2024-2025', 'First', 2, 1000000258, 'ENROLLED', '2024-10-04 00:00:00', '2024-10-04 00:00:00', 'New'),
(325, '2024-2025', 'First', 2, 1000000258, 'ENROLLED', '2024-10-04 00:00:00', '2024-10-04 00:00:00', 'New'),
(326, '2024-2025', 'First', 2, 1000000258, 'ENROLLED', '2024-10-04 00:00:00', '2024-10-04 00:00:00', 'New'),
(327, '2024-2025', 'First', 2, 1000000257, 'ENROLLED', '2024-10-04 00:00:00', '2024-10-04 00:00:00', 'New'),
(328, '2024-2025', 'First', 2, 1000000257, 'ENROLLED', '2024-10-04 00:00:00', '2024-10-04 00:00:00', 'New'),
(329, '2024-2025', 'First', 2, 1000000257, 'ENROLLED', '2024-10-04 00:00:00', '2024-10-04 00:00:00', 'New'),
(330, '2024-2025', 'First', 2, 1000000256, 'ENROLLED', '2024-10-04 00:00:00', '2024-10-04 00:00:00', 'New'),
(331, '2024-2025', 'First', 2, 1000000256, 'ENROLLED', '2024-10-04 00:00:00', '2024-10-04 00:00:00', 'New'),
(332, '2024-2025', 'First', 3, 1000000218, 'ENROLLED', '2024-10-04 00:00:00', '2024-10-04 00:00:00', 'New'),
(333, '2024-2025', 'First', 3, 1000000218, 'ENROLLED', '2024-10-04 00:00:00', '2024-10-04 00:00:00', 'New'),
(334, '2024-2025', 'First', 3, 1000000218, 'ENROLLED', '2024-10-04 00:00:00', '2024-10-04 00:00:00', 'New'),
(335, '2024-2025', 'First', 3, 1000000218, 'ENROLLED', '2024-10-04 00:00:00', '2024-10-04 00:00:00', 'New'),
(336, '2024-2025', 'First', 3, 1000000218, 'ENROLLED', '2024-10-04 00:00:00', '2024-10-04 00:00:00', 'New'),
(337, '2024-2025', 'First', 3, 1000000218, 'ENROLLED', '2024-10-04 00:00:00', '2024-10-04 00:00:00', 'New');

-- --------------------------------------------------------

--
-- Table structure for table `studentschedule`
--

CREATE TABLE `studentschedule` (
  `CLASS_ID` int(11) NOT NULL,
  `SUBJ_ID` int(11) NOT NULL,
  `schedID` int(11) NOT NULL,
  `AY` varchar(11) NOT NULL,
  `DAY` varchar(20) NOT NULL,
  `C_TIME` varchar(30) NOT NULL,
  `IDNO` int(11) NOT NULL,
  `ROOM` text NOT NULL,
  `CSECTION` varchar(30) NOT NULL DEFAULT 'NONE',
  `COURSE_ID` int(11) NOT NULL,
  `SEMESTER` varchar(30) NOT NULL
) ENGINE=InnoDB DEFAULT CHARSET=latin1 COLLATE=latin1_swedish_ci;

-- --------------------------------------------------------

--
-- Table structure for table `studentsubjects`
--

CREATE TABLE `studentsubjects` (
  `STUDSUBJ_ID` int(11) NOT NULL,
  `IDNO` int(11) NOT NULL,
  `SUBJ_ID` int(11) NOT NULL,
  `LEVEL` int(11) NOT NULL,
  `SEMESTER` varchar(30) NOT NULL,
  `SY` text NOT NULL,
  `ATTEMP` int(11) NOT NULL,
  `AVERAGE` double NOT NULL,
  `OUTCOME` text NOT NULL
) ENGINE=InnoDB DEFAULT CHARSET=latin1 COLLATE=latin1_swedish_ci;

--
-- Dumping data for table `studentsubjects`
--

INSERT INTO `studentsubjects` (`STUDSUBJ_ID`, `IDNO`, `SUBJ_ID`, `LEVEL`, `SEMESTER`, `SY`, `ATTEMP`, `AVERAGE`, `OUTCOME`) VALUES
(1516, 1000000207, 346, 1, 'First', '2024-2025', 1, 89.8, 'Passed'),
(1517, 1000000207, 347, 1, 'First', '2024-2025', 1, 87.4, 'Passed'),
(1518, 1000000207, 348, 1, 'First', '2024-2025', 1, 78.2, 'Passed'),
(1519, 1000000207, 349, 1, 'First', '2024-2025', 1, 61.8, 'Failed'),
(1520, 1000000207, 350, 1, 'First', '2024-2025', 1, 72.8, 'Failed'),
(1521, 1000000207, 351, 1, 'First', '2024-2025', 1, 79.2, 'Passed'),
(1522, 1000000207, 352, 1, 'First', '2024-2025', 1, 85.6, 'Passed'),
(1523, 1000000210, 346, 1, 'First', '2024-2025', 1, 0, ''),
(1524, 1000000210, 347, 1, 'First', '2024-2025', 1, 0, ''),
(1525, 1000000210, 348, 1, 'First', '2024-2025', 1, 0, ''),
(1526, 1000000210, 349, 1, 'First', '2024-2025', 1, 0, ''),
(1527, 1000000210, 350, 1, 'First', '2024-2025', 1, 0, ''),
(1528, 1000000210, 351, 1, 'First', '2024-2025', 1, 0, ''),
(1529, 1000000210, 352, 1, 'First', '2024-2025', 1, 0, ''),
(1530, 1000000215, 353, 4, 'First', '2024-2025', 0, 0, ''),
(1531, 1000000216, 353, 3, 'First', '2024-2025', 0, 0, ''),
(1532, 1000000216, 346, 3, 'First', '2024-2025', 0, 0, ''),
(1533, 1000000216, 347, 3, 'First', '2024-2025', 0, 0, ''),
(1534, 1000000216, 348, 3, 'First', '2024-2025', 0, 0, ''),
(1535, 1000000216, 349, 3, 'First', '2024-2025', 0, 0, ''),
(1536, 1000000216, 351, 3, 'First', '2024-2025', 0, 0, ''),
(1537, 1000000216, 352, 3, 'First', '2024-2025', 0, 0, ''),
(1538, 1000000216, 350, 3, 'First', '2024-2025', 0, 0, ''),
(1539, 1000000217, 353, 3, 'First', '2024-2025', 0, 0, ''),
(1540, 1000000217, 346, 3, 'First', '2024-2025', 0, 0, ''),
(1541, 1000000217, 347, 3, 'First', '2024-2025', 0, 0, ''),
(1542, 1000000217, 348, 3, 'First', '2024-2025', 0, 0, ''),
(1543, 1000000217, 349, 3, 'First', '2024-2025', 0, 0, ''),
(1544, 1000000217, 351, 3, 'First', '2024-2025', 0, 0, ''),
(1545, 1000000217, 352, 3, 'First', '2024-2025', 0, 0, ''),
(1546, 1000000217, 350, 3, 'First', '2024-2025', 0, 0, ''),
(1547, 1000000221, 354, 4, 'First', '2024-2025', 0, 0, ''),
(1548, 1000000221, 355, 4, 'First', '2024-2025', 0, 0, ''),
(1549, 1000000221, 356, 4, 'First', '2024-2025', 0, 0, ''),
(1550, 1000000222, 354, 4, 'First', '2024-2025', 0, 0, ''),
(1551, 1000000222, 355, 4, 'First', '2024-2025', 0, 0, ''),
(1552, 1000000222, 356, 4, 'First', '2024-2025', 0, 0, ''),
(1553, 1000000224, 354, 4, 'First', '2024-2025', 0, 0, ''),
(1554, 1000000224, 355, 4, 'First', '2024-2025', 0, 0, ''),
(1555, 1000000224, 356, 4, 'First', '2024-2025', 0, 0, ''),
(1556, 1000000228, 357, 1, 'First', '2024-2025', 1, 0, ''),
(1557, 1000000228, 358, 1, 'First', '2024-2025', 1, 0, ''),
(1558, 1000000228, 357, 1, 'First', '2024-2025', 1, 0, ''),
(1559, 1000000228, 358, 1, 'First', '2024-2025', 1, 0, ''),
(1560, 1000000231, 346, 3, 'First', '2024-2025', 0, 0, ''),
(1561, 1000000231, 347, 3, 'First', '2024-2025', 0, 0, ''),
(1562, 1000000231, 348, 3, 'First', '2024-2025', 0, 0, ''),
(1563, 1000000231, 349, 3, 'First', '2024-2025', 0, 0, ''),
(1564, 1000000231, 350, 3, 'First', '2024-2025', 0, 0, ''),
(1565, 1000000231, 351, 3, 'First', '2024-2025', 0, 0, ''),
(1566, 1000000231, 352, 3, 'First', '2024-2025', 0, 0, ''),
(1567, 1000000231, 353, 3, 'First', '2024-2025', 0, 0, ''),
(1568, 1000000232, 346, 3, 'First', '2024-2025', 0, 3, 'Failed'),
(1569, 1000000232, 347, 3, 'First', '2024-2025', 0, 1.5, 'Passed'),
(1570, 1000000232, 348, 3, 'First', '2024-2025', 0, 1, 'Passed'),
(1571, 1000000232, 349, 3, 'First', '2024-2025', 0, 2.5, 'Passed'),
(1572, 1000000232, 350, 3, 'First', '2024-2025', 0, 0, ''),
(1573, 1000000232, 351, 3, 'First', '2024-2025', 0, 0, ''),
(1574, 1000000232, 352, 3, 'First', '2024-2025', 0, 0, ''),
(1575, 1000000232, 353, 3, 'First', '2024-2025', 0, 0, ''),
(1576, 1000000220, 357, 1, 'First', '2024-2025', 0, 0, ''),
(1577, 1000000220, 358, 1, 'First', '2024-2025', 0, 0, ''),
(1578, 1000000235, 354, 4, 'First', '2024-2025', 0, 2.75, 'Passed'),
(1579, 1000000235, 355, 4, 'First', '2024-2025', 0, 0, ''),
(1580, 1000000236, 354, 4, 'First', '2024-2025', 0, 0, 'Failed'),
(1581, 1000000236, 355, 4, 'First', '2024-2025', 0, 0, 'Failed'),
(1582, 1000000236, 356, 4, 'First', '2024-2025', 0, 0, 'Failed'),
(1583, 1000000237, 354, 4, 'First', '2024-2025', 0, 2.63, 'Passed'),
(1584, 1000000237, 355, 4, 'First', '2024-2025', 0, 0, 'Failed'),
(1585, 1000000237, 356, 4, 'First', '2024-2025', 0, 0, 'Failed'),
(1586, 1000000237, 354, 4, 'First', '2024-2025', 1, 0, ''),
(1587, 1000000237, 355, 4, 'First', '2024-2025', 1, 0, ''),
(1588, 1000000237, 356, 4, 'First', '2024-2025', 1, 0, ''),
(1589, 1000000237, 354, 4, 'First', '2024-2025', 1, 0, ''),
(1590, 1000000237, 355, 4, 'First', '2024-2025', 1, 0, ''),
(1591, 1000000237, 356, 4, 'First', '2024-2025', 1, 0, ''),
(1592, 1000000237, 354, 4, 'First', '2024-2025', 1, 0, ''),
(1593, 1000000237, 355, 4, 'First', '2024-2025', 1, 0, ''),
(1594, 1000000237, 356, 4, 'First', '2024-2025', 1, 0, ''),
(1595, 1000000237, 354, 4, 'First', '2024-2025', 1, 0, ''),
(1596, 1000000237, 355, 4, 'First', '2024-2025', 1, 0, ''),
(1597, 1000000237, 356, 4, 'First', '2024-2025', 1, 0, ''),
(1598, 1000000237, 354, 4, 'First', '2024-2025', 1, 0, ''),
(1599, 1000000237, 355, 4, 'First', '2024-2025', 1, 0, ''),
(1600, 1000000237, 356, 4, 'First', '2024-2025', 1, 0, ''),
(1601, 1000000237, 354, 4, 'First', '2024-2025', 1, 0, ''),
(1602, 1000000237, 355, 4, 'First', '2024-2025', 1, 0, ''),
(1603, 1000000237, 356, 4, 'First', '2024-2025', 1, 0, ''),
(1604, 1000000244, 354, 4, 'First', '2024-2025', 0, 3.5, 'Failed'),
(1605, 1000000244, 355, 4, 'First', '2024-2025', 0, 2, 'Passed'),
(1606, 1000000244, 356, 4, 'First', '2024-2025', 0, 2, 'Passed'),
(1607, 1000000244, 354, 0, 'First', '2024-2025', 1, 0, ''),
(1608, 1000000244, 355, 0, 'First', '2024-2025', 1, 0, ''),
(1609, 1000000244, 356, 0, 'First', '2024-2025', 1, 0, ''),
(1610, 1000000245, 354, 4, 'First', '2024-2025', 0, 2, 'Passed'),
(1611, 1000000245, 355, 4, 'First', '2024-2025', 0, 5, 'Failed'),
(1612, 1000000245, 356, 4, 'First', '2024-2025', 0, 0, ''),
(1613, 1000000245, 354, 4, 'First', '2024-2025', 0, 2, 'Passed'),
(1614, 1000000245, 355, 4, 'First', '2024-2025', 0, 5, 'Failed'),
(1615, 1000000245, 356, 4, 'First', '2024-2025', 0, 0, ''),
(1616, 1000000246, 354, 4, 'First', '2024-2025', 0, 0, ''),
(1617, 1000000246, 355, 4, 'First', '2024-2025', 0, 0, ''),
(1618, 1000000246, 356, 4, 'First', '2024-2025', 0, 0, ''),
(1619, 1000000246, 354, 4, 'First', '2024-2025', 0, 0, ''),
(1620, 1000000246, 355, 4, 'First', '2024-2025', 0, 0, ''),
(1621, 1000000246, 356, 4, 'First', '2024-2025', 0, 0, ''),
(1622, 1000000247, 346, 3, 'First', '2024-2025', 0, 1, 'Passed'),
(1623, 1000000247, 347, 3, 'First', '2024-2025', 0, 0, ''),
(1624, 1000000247, 348, 3, 'First', '2024-2025', 0, 0, ''),
(1625, 1000000247, 349, 3, 'First', '2024-2025', 0, 0, ''),
(1626, 1000000247, 350, 3, 'First', '2024-2025', 0, 0, ''),
(1627, 1000000247, 351, 3, 'First', '2024-2025', 0, 0, ''),
(1628, 1000000247, 352, 3, 'First', '2024-2025', 0, 0, ''),
(1629, 1000000247, 353, 3, 'First', '2024-2025', 0, 0, ''),
(1630, 1000000234, 355, 4, 'First', '2024-2025', 0, 1.75, 'Passed'),
(1631, 1000000248, 354, 4, 'First', '2024-2025', 0, 1, 'Passed'),
(1632, 1000000248, 355, 4, 'First', '2024-2025', 0, 2, 'Passed'),
(1633, 1000000248, 356, 4, 'First', '2024-2025', 0, 3.5, 'Failed'),
(1634, 1000000248, 354, 0, 'First', '2024-2025', 1, 0, ''),
(1635, 1000000248, 355, 0, 'First', '2024-2025', 1, 2, 'Passed'),
(1636, 1000000248, 356, 0, 'First', '2024-2025', 1, 0, ''),
(1637, 1000000249, 355, 4, 'First', '2024-2025', 0, 3.5, 'Failed'),
(1638, 1000000249, 354, 4, 'First', '2024-2025', 0, 1.75, 'Passed'),
(1639, 1000000249, 356, 4, 'First', '2024-2025', 0, 1.88, 'Passed'),
(1640, 1000000250, 354, 1, 'First', '2024-2025', 1, 0, ''),
(1641, 1000000250, 355, 1, 'First', '2024-2025', 1, 0, ''),
(1642, 1000000250, 356, 1, 'First', '2024-2025', 1, 0, ''),
(1643, 1000000251, 354, 4, 'First', '2024-2025', 0, 0, ''),
(1644, 1000000251, 355, 4, 'First', '2024-2025', 0, 0, ''),
(1645, 1000000251, 356, 4, 'First', '2024-2025', 0, 0, ''),
(1646, 1000000251, 354, 4, 'First', '2024-2025', 0, 0, ''),
(1647, 1000000251, 355, 4, 'First', '2024-2025', 0, 0, ''),
(1648, 1000000251, 356, 4, 'First', '2024-2025', 0, 0, ''),
(1649, 1000000252, 354, 1, 'First', '2024-2025', 1, 1, 'Passed'),
(1650, 1000000252, 355, 1, 'First', '2024-2025', 1, 1.5, 'Passed'),
(1651, 1000000252, 356, 1, 'First', '2024-2025', 1, 3.5, 'Failed'),
(1652, 1000000253, 354, 1, 'First', '2024-2025', 1, 0, ''),
(1653, 1000000253, 355, 1, 'First', '2024-2025', 1, 0, ''),
(1654, 1000000253, 356, 1, 'First', '2024-2025', 1, 0, ''),
(1655, 1000000254, 346, 3, 'First', '2024-2025', 0, 0, ''),
(1656, 1000000254, 347, 3, 'First', '2024-2025', 0, 0, ''),
(1657, 1000000254, 348, 3, 'First', '2024-2025', 0, 0, ''),
(1658, 1000000254, 349, 3, 'First', '2024-2025', 0, 0, ''),
(1659, 1000000254, 350, 3, 'First', '2024-2025', 0, 0, ''),
(1660, 1000000254, 351, 3, 'First', '2024-2025', 0, 0, ''),
(1661, 1000000254, 352, 3, 'First', '2024-2025', 0, 0, ''),
(1662, 1000000254, 353, 3, 'First', '2024-2025', 0, 0, ''),
(1663, 1000000255, 354, 4, 'First', '2024-2025', 0, 0, ''),
(1664, 1000000255, 355, 4, 'First', '2024-2025', 0, 0, ''),
(1665, 1000000255, 356, 4, 'First', '2024-2025', 0, 0, ''),
(1666, 1000000258, 354, 4, 'First', '2024-2025', 0, 0, ''),
(1667, 1000000258, 355, 4, 'First', '2024-2025', 0, 0, ''),
(1668, 1000000258, 356, 4, 'First', '2024-2025', 0, 0, ''),
(1669, 1000000257, 354, 4, 'First', '2024-2025', 0, 0, ''),
(1670, 1000000257, 355, 4, 'First', '2024-2025', 0, 0, ''),
(1671, 1000000257, 356, 4, 'First', '2024-2025', 0, 0, ''),
(1672, 1000000256, 354, 4, 'First', '2024-2025', 0, 0, ''),
(1673, 1000000256, 355, 4, 'First', '2024-2025', 0, 0, ''),
(1674, 1000000218, 359, 3, 'First', '2024-2025', 0, 0, ''),
(1675, 1000000218, 360, 3, 'First', '2024-2025', 0, 0, ''),
(1676, 1000000218, 361, 3, 'First', '2024-2025', 0, 0, ''),
(1677, 1000000218, 362, 3, 'First', '2024-2025', 0, 0, ''),
(1678, 1000000218, 363, 3, 'First', '2024-2025', 0, 0, ''),
(1679, 1000000218, 364, 3, 'First', '2024-2025', 0, 0, '');

-- --------------------------------------------------------

--
-- Table structure for table `subject`
--

CREATE TABLE `subject` (
  `SUBJ_ID` int(11) NOT NULL,
  `SUBJ_CODE` varchar(30) NOT NULL,
  `SUBJ_DESCRIPTION` varchar(255) NOT NULL,
  `UNIT` int(2) NOT NULL,
  `PRE_REQUISITE` varchar(30) NOT NULL DEFAULT 'None',
  `COURSE_ID` int(11) NOT NULL,
  `AY` varchar(30) NOT NULL,
  `SEMESTER` varchar(20) NOT NULL,
  `PreTaken` tinyint(1) NOT NULL
) ENGINE=InnoDB DEFAULT CHARSET=latin1 COLLATE=latin1_swedish_ci;

--
-- Dumping data for table `subject`
--

INSERT INTO `subject` (`SUBJ_ID`, `SUBJ_CODE`, `SUBJ_DESCRIPTION`, `UNIT`, `PRE_REQUISITE`, `COURSE_ID`, `AY`, `SEMESTER`, `PreTaken`) VALUES
(346, 'SAD101', 'System Analysis and Design', 3, 'none', 1, '2024-2025', 'First', 0),
(347, 'IM101', 'Fundamentals of Database Systems', 3, 'none', 1, '2024-2025', 'First', 0),
(348, 'LIT101', 'Philippine Literature', 3, 'none', 1, '', 'First', 0),
(349, 'GE8', 'Ethics', 3, 'none', 1, '', 'First', 0),
(350, 'TECH1', 'Technopreneurship', 3, 'none', 1, '', 'First', 0),
(351, 'NET102', 'Networking 2', 3, 'Networking 1', 1, '', 'First', 0),
(352, 'SIA 101', 'System Integration and Architecture 1', 3, 'none', 1, '', 'First', 0),
(353, 'CW', 'Contemporary World', 3, 'none', 1, '', 'First', 0),
(354, 'SA101', 'System Analysis', 3, 'none', 2, '', 'First', 0),
(355, 'C1', 'Capstone 1', 3, 'System Analysis and Design', 2, '', 'First', 0),
(356, 'P101', 'Practicum', 3, 'none', 2, '', 'First', 0),
(357, 'IC101', 'Introdcution to Computing', 3, 'none', 5, '', 'First', 0),
(358, 'PE1', 'Physical Education', 3, 'none', 5, '', 'First', 0),
(359, 'BCOM-1', 'Business Communication', 3, 'none', 3, '', 'First', 0),
(360, 'IBT', 'International Business and Trade', 3, 'none', 3, '', 'First', 0),
(361, 'COMP-AD', 'Compensation Administration', 3, 'none', 3, '', 'First', 0),
(362, 'SMGT', 'Strategic Management', 3, 'none', 3, '', 'First', 0),
(363, 'TDEV', 'Training and Development', 3, 'none', 3, '', 'First', 0),
(364, 'HRM-302', 'Human Resources Management', 3, 'none', 3, '', 'First', 0);

-- --------------------------------------------------------

--
-- Table structure for table `tblauto`
--

CREATE TABLE `tblauto` (
  `ID` int(11) NOT NULL,
  `autocode` varchar(255) DEFAULT NULL,
  `autoname` varchar(255) DEFAULT NULL,
  `appendchar` varchar(255) DEFAULT NULL,
  `autostart` int(11) DEFAULT 0,
  `autoend` int(11) DEFAULT 0,
  `incrementvalue` int(11) DEFAULT NULL
) ENGINE=MyISAM DEFAULT CHARSET=utf8 COLLATE=utf8_general_ci;

--
-- Dumping data for table `tblauto`
--

INSERT INTO `tblauto` (`ID`, `autocode`, `autoname`, `appendchar`, `autostart`, `autoend`, `incrementvalue`) VALUES
(1, 'Asset', 'Asset', 'ASitem', 0, 3, 1),
(2, 'Trans', 'Transaction', 'TrAnS', 1, 5, 1),
(3, 'SIDNO', 'IDNO', '2015', 1000000, 259, 1),
(4, 'EMPLOYEE', 'EMPID', '020010', 0, 2, 1);

-- --------------------------------------------------------

--
-- Table structure for table `tblinstructor`
--

CREATE TABLE `tblinstructor` (
  `INST_ID` int(11) NOT NULL,
  `INST_NAME` varchar(90) NOT NULL,
  `INST_MAJOR` varchar(90) NOT NULL,
  `INST_CONTACT` varchar(30) NOT NULL
) ENGINE=InnoDB DEFAULT CHARSET=latin1 COLLATE=latin1_swedish_ci;

--
-- Dumping data for table `tblinstructor`
--

INSERT INTO `tblinstructor` (`INST_ID`, `INST_NAME`, `INST_MAJOR`, `INST_CONTACT`) VALUES
(33, 'Mr. Arnold Aranaydo', 'Programming', '09123456788'),
(34, 'Mr. Jeffrey Lareta', 'Literature', '09123456789'),
(35, 'Mr. Lopez', 'Literature', '09123456787'),
(36, 'Ms. Wency Trapago', 'Programming and Networking', '091234567899'),
(37, 'Mr. Valdez', 'CSS', '09123456782');

-- --------------------------------------------------------

--
-- Table structure for table `tbllogs`
--

CREATE TABLE `tbllogs` (
  `LOGID` int(11) NOT NULL,
  `USERID` int(11) NOT NULL,
  `LOGDATETIME` datetime NOT NULL,
  `LOGROLE` varchar(55) NOT NULL,
  `LOGMODE` varchar(55) NOT NULL
) ENGINE=InnoDB DEFAULT CHARSET=latin1 COLLATE=latin1_swedish_ci;

--
-- Dumping data for table `tbllogs`
--

INSERT INTO `tbllogs` (`LOGID`, `USERID`, `LOGDATETIME`, `LOGROLE`, `LOGMODE`) VALUES
(339, 1, '2024-09-01 13:26:42', 'Administrator', 'Logged out'),
(340, 1, '2024-09-01 13:26:46', 'Administrator', 'Logged in'),
(341, 1, '2024-09-01 13:28:00', 'Administrator', 'Logged out'),
(342, 1, '2024-09-01 13:28:10', 'Administrator', 'Logged in'),
(343, 1, '2024-09-01 13:54:25', 'Administrator', 'Logged out'),
(344, 1, '2024-09-01 13:54:29', 'Administrator', 'Logged in'),
(345, 1000000202, '2024-09-01 14:23:32', 'Student', 'Logged out'),
(346, 1000000202, '2024-09-01 14:23:56', 'Student', 'Logged in'),
(347, 1000000202, '2024-09-01 14:26:59', 'Student', 'Logged out'),
(348, 1000000203, '2024-09-01 14:43:54', 'Student', 'Logged out'),
(349, 1000000203, '2024-09-01 14:46:23', 'Student', 'Logged in'),
(350, 1000000203, '2024-09-01 14:51:13', 'Student', 'Logged out'),
(351, 1000000203, '2024-09-01 14:51:27', 'Student', 'Logged in'),
(352, 1000000203, '2024-09-01 14:54:07', 'Student', 'Logged out'),
(353, 1000000203, '2024-09-01 14:54:12', 'Student', 'Logged in'),
(354, 1000000203, '2024-09-01 14:59:21', 'Student', 'Logged in'),
(355, 1, '2024-09-01 15:01:25', 'Administrator', 'Logged in'),
(356, 1000000203, '2024-09-01 15:05:24', 'Student', 'Logged out'),
(357, 1000000203, '2024-09-01 15:05:55', 'Student', 'Logged in'),
(358, 1000000203, '2024-09-01 15:09:19', 'Student', 'Logged out'),
(359, 1000000204, '2024-09-01 15:11:20', 'Student', 'Logged out'),
(360, 1000000204, '2024-09-01 15:11:29', 'Student', 'Logged in'),
(361, 1000000204, '2024-09-01 15:13:44', 'Student', 'Logged out'),
(362, 1000000203, '2024-09-01 15:15:21', 'Student', 'Logged in'),
(363, 1000000203, '2024-09-01 15:15:24', 'Student', 'Logged out'),
(364, 1, '2024-09-01 15:17:11', 'Administrator', 'Logged out'),
(365, 1, '2024-09-01 15:17:16', 'Administrator', 'Logged in'),
(366, 1000000205, '2024-09-01 15:23:09', 'Student', 'Logged out'),
(367, 1000000205, '2024-09-01 15:23:19', 'Student', 'Logged in'),
(368, 1, '2024-09-02 06:08:05', 'Administrator', 'Logged in'),
(369, 1000000203, '2024-09-02 06:08:49', 'Student', 'Logged in'),
(370, 1000000203, '2024-09-02 06:08:55', 'Student', 'Logged out'),
(371, 1000000205, '2024-09-02 06:09:12', 'Student', 'Logged in'),
(372, 1000000205, '2024-09-02 06:18:27', 'Student', 'Logged out'),
(373, 1000000206, '2024-09-02 06:31:04', 'Student', 'Logged out'),
(374, 1000000206, '2024-09-02 06:39:04', 'Student', 'Logged in'),
(375, 1000000206, '2024-09-02 06:39:19', 'Student', 'Logged out'),
(376, 1000000207, '2024-09-02 06:57:41', 'Student', 'Logged out'),
(377, 1000000207, '2024-09-02 06:57:52', 'Student', 'Logged in'),
(378, 1000000207, '2024-09-02 07:00:18', 'Student', 'Logged out'),
(379, 1000000206, '2024-09-02 07:00:23', 'Student', 'Logged in'),
(380, 1000000205, '2024-09-02 07:39:09', 'Student', 'Logged in'),
(381, 1000000205, '2024-09-02 07:41:44', 'Student', 'Logged out'),
(382, 1000000206, '2024-09-02 07:41:49', 'Student', 'Logged in'),
(383, 1000000206, '2024-09-02 07:42:00', 'Student', 'Logged out'),
(384, 1000000207, '2024-09-02 07:42:15', 'Student', 'Logged in'),
(385, 1, '2024-09-02 07:44:30', 'Administrator', 'Logged in'),
(386, 1, '2024-09-02 14:52:20', 'Administrator', 'Logged in'),
(387, 1000000206, '2024-09-02 14:52:44', 'Student', 'Logged in'),
(388, 1000000206, '2024-09-02 14:52:50', 'Student', 'Logged out'),
(389, 1000000207, '2024-09-02 14:53:00', 'Student', 'Logged in'),
(390, 1000000207, '2024-09-04 10:20:38', 'Student', 'Logged in'),
(391, 1, '2024-09-06 13:53:15', 'Administrator', 'Logged in'),
(392, 1, '2024-09-10 11:24:54', 'Administrator', 'Logged in'),
(393, 1, '2024-09-11 02:17:25', 'Administrator', 'Logged in'),
(394, 1, '2024-09-11 02:30:15', 'Administrator', 'Logged out'),
(395, 1000000207, '2024-09-11 02:30:31', 'Student', 'Logged in'),
(396, 1000000207, '2024-09-11 02:30:48', 'Student', 'Logged out'),
(397, 1, '2024-09-11 03:13:30', 'Administrator', 'Logged in'),
(398, 1000000207, '2024-09-11 03:14:05', 'Student', 'Logged in'),
(399, 1000000207, '2024-09-11 03:18:29', 'Student', 'Logged out'),
(400, 1, '2024-09-11 05:04:03', 'Administrator', 'Logged in'),
(401, 1000000209, '2024-09-11 13:50:23', 'Student', 'Logged out'),
(402, 1000000207, '2024-09-11 13:51:42', 'Student', 'Logged in'),
(403, 1000000207, '2024-09-11 13:51:45', 'Student', 'Logged out'),
(404, 1, '2024-09-11 13:51:52', 'Administrator', 'Logged out'),
(405, 1, '2024-09-11 13:52:01', 'Administrator', 'Logged in'),
(406, 1, '2024-09-11 13:52:03', 'Administrator', 'Logged out'),
(407, 1, '2024-09-11 14:26:35', 'Administrator', 'Logged in'),
(408, 1, '2024-09-11 14:28:02', 'Administrator', 'Logged out'),
(409, 1, '2024-09-12 11:51:44', 'Administrator', 'Logged in'),
(410, 1000000207, '2024-09-12 12:19:23', 'Student', 'Logged in'),
(411, 1000000207, '2024-09-12 12:24:54', 'Student', 'Logged out'),
(412, 1000000210, '2024-09-12 13:02:10', 'Student', 'Logged out'),
(413, 1, '2024-09-12 13:20:30', 'Administrator', 'Logged out'),
(414, 1000000207, '2024-09-12 13:21:27', 'Student', 'Logged in'),
(415, 1, '2024-09-12 15:14:16', 'Administrator', 'Logged in'),
(416, 1000000207, '2024-09-12 15:14:43', 'Student', 'Logged out'),
(417, 1, '2024-09-12 16:27:00', 'Administrator', 'Logged out'),
(418, 1, '2024-09-12 16:31:37', 'Administrator', 'Logged in'),
(419, 1000000211, '2024-09-12 17:03:29', 'Student', 'Logged out'),
(420, 1000000211, '2024-09-12 17:04:12', 'Student', 'Logged in'),
(421, 1000000211, '2024-09-12 17:04:19', 'Student', 'Logged out'),
(422, 1000000212, '2024-09-12 17:09:12', 'Student', 'Logged out'),
(423, 1000000213, '2024-09-12 17:34:23', 'Student', 'Logged out'),
(424, 1000000214, '2024-09-12 18:48:14', 'Student', 'Logged out'),
(425, 1000000215, '2024-09-12 18:50:57', 'Student', 'Logged out'),
(426, 1000000216, '2024-09-12 19:02:14', 'Student', 'Logged out'),
(427, 1, '2024-09-13 03:19:21', 'Administrator', 'Logged in'),
(428, 1000000218, '2024-09-13 03:22:41', 'Student', 'Logged out'),
(429, 1000000219, '2024-09-13 03:24:42', 'Student', 'Logged out'),
(430, 1000000220, '2024-09-13 03:26:54', 'Student', 'Logged out'),
(431, 1, '2024-09-13 03:27:44', 'Administrator', 'Logged in'),
(432, 1, '2024-09-13 08:49:55', 'Administrator', 'Logged in'),
(433, 1000000207, '2024-09-13 08:50:30', 'Student', 'Logged in'),
(434, 1000000207, '2024-09-13 08:50:35', 'Student', 'Logged out'),
(435, 1000000207, '2024-09-13 08:51:37', 'Student', 'Logged in'),
(436, 1, '2024-09-13 08:53:33', 'Administrator', 'Logged out'),
(437, 1, '2024-09-13 08:53:40', 'Administrator', 'Logged in'),
(438, 1000000207, '2024-09-13 08:54:08', 'Student', 'Logged out'),
(439, 1000000207, '2024-09-13 08:54:15', 'Student', 'Logged in'),
(440, 1000000207, '2024-09-13 08:54:41', 'Student', 'Logged out'),
(441, 1, '2024-09-13 14:21:06', 'Administrator', 'Logged in'),
(442, 1, '2024-09-16 13:13:02', 'Administrator', 'Logged in'),
(443, 1, '2024-09-16 13:29:15', 'Administrator', 'Logged out'),
(444, 1, '2024-09-16 13:38:21', 'Administrator', 'Logged in'),
(445, 1000000207, '2024-09-18 06:25:28', 'Student', 'Logged in'),
(446, 1000000207, '2024-09-18 06:38:00', 'Student', 'Logged out'),
(447, 1000000207, '2024-09-18 06:38:10', 'Student', 'Logged in'),
(448, 1000000207, '2024-09-18 06:38:44', 'Student', 'Logged out'),
(449, 1000000207, '2024-09-18 06:38:49', 'Student', 'Logged in'),
(450, 1000000207, '2024-09-18 06:39:00', 'Student', 'Logged out'),
(451, 1, '2024-09-18 06:39:33', 'Administrator', 'Logged in'),
(452, 1000000217, '2024-09-18 06:40:09', 'Student', 'Logged in'),
(453, 1000000217, '2024-09-18 06:41:10', 'Student', 'Logged out'),
(454, 1000000217, '2024-09-18 06:41:17', 'Student', 'Logged in'),
(455, 1000000217, '2024-09-18 06:51:43', 'Student', 'Logged out'),
(456, 1000000207, '2024-09-18 06:51:48', 'Student', 'Logged in'),
(457, 1000000207, '2024-09-18 06:52:17', 'Student', 'Logged out'),
(458, 1000000217, '2024-09-18 06:53:24', 'Student', 'Logged in'),
(459, 1000000217, '2024-09-18 06:53:34', 'Student', 'Logged out'),
(460, 1000000212, '2024-09-18 07:00:07', 'Student', 'Logged in'),
(461, 1000000212, '2024-09-18 07:00:44', 'Student', 'Logged out'),
(462, 1000000221, '2024-09-18 07:04:43', 'Student', 'Logged out'),
(463, 1000000221, '2024-09-18 07:04:50', 'Student', 'Logged in'),
(464, 1000000221, '2024-09-18 07:06:11', 'Student', 'Logged out'),
(465, 1000000212, '2024-09-18 07:06:21', 'Student', 'Logged in'),
(466, 1000000212, '2024-09-18 07:06:26', 'Student', 'Logged out'),
(467, 1000000221, '2024-09-18 07:06:36', 'Student', 'Logged in'),
(468, 1000000221, '2024-09-18 07:28:29', 'Student', 'Logged out'),
(469, 1000000222, '2024-09-18 07:33:50', 'Student', 'Logged out'),
(470, 1000000223, '2024-09-18 07:38:40', 'Student', 'Logged out'),
(471, 1, '2024-09-18 13:05:03', 'Administrator', 'Logged in'),
(472, 1000000224, '2024-09-18 13:51:35', 'Student', 'Logged out'),
(473, 1000000225, '2024-09-18 14:02:36', 'Student', 'Logged out'),
(474, 1000000226, '2024-09-18 14:06:49', 'Student', 'Logged out'),
(475, 1000000227, '2024-09-18 14:18:21', 'Student', 'Logged out'),
(476, 1000000228, '2024-09-18 14:52:46', 'Student', 'Logged out'),
(477, 1000000229, '2024-09-18 14:54:37', 'Student', 'Logged out'),
(478, 1000000230, '2024-09-18 15:00:49', 'Student', 'Logged out'),
(479, 1000000228, '2024-09-18 15:01:01', 'Student', 'Logged in'),
(480, 1000000228, '2024-09-18 15:02:48', 'Student', 'Logged out'),
(481, 1000000231, '2024-09-18 15:07:12', 'Student', 'Logged out'),
(482, 1000000228, '2024-09-18 15:07:24', 'Student', 'Logged in'),
(483, 1000000228, '2024-09-18 15:08:05', 'Student', 'Logged out'),
(484, 1000000230, '2024-09-18 15:08:22', 'Student', 'Logged in'),
(485, 1, '2024-09-18 15:09:20', 'Administrator', 'Logged out'),
(486, 1, '2024-09-18 15:09:25', 'Administrator', 'Logged in'),
(487, 1000000230, '2024-09-18 15:09:33', 'Student', 'Logged out'),
(488, 1000000228, '2024-09-18 15:09:42', 'Student', 'Logged in'),
(489, 1000000228, '2024-09-18 15:31:24', 'Student', 'Logged out'),
(490, 1000000207, '2024-09-18 15:32:37', 'Student', 'Logged in'),
(491, 1000000207, '2024-09-18 15:37:51', 'Student', 'Logged out'),
(492, 1000000230, '2024-09-18 15:38:00', 'Student', 'Logged in'),
(493, 1000000230, '2024-09-18 15:38:37', 'Student', 'Logged out'),
(494, 1, '2024-09-18 16:51:43', 'Administrator', 'Logged out'),
(495, 1, '2024-09-18 16:51:55', 'Administrator', 'Logged in'),
(496, 1, '2024-09-20 05:39:11', 'Administrator', 'Logged in'),
(497, 1, '2024-09-20 05:41:04', 'Administrator', 'Logged out'),
(498, 1000000230, '2024-09-20 05:42:18', 'Student', 'Logged in'),
(499, 1000000230, '2024-09-20 05:42:26', 'Student', 'Logged out'),
(500, 1000000228, '2024-09-20 05:42:36', 'Student', 'Logged in'),
(501, 1000000228, '2024-09-20 05:42:56', 'Student', 'Logged out'),
(502, 1, '2024-09-20 05:43:04', 'Administrator', 'Logged in'),
(503, 1000000222, '2024-09-20 05:43:57', 'Student', 'Logged in'),
(504, 1000000222, '2024-09-20 05:50:10', 'Student', 'Logged out'),
(505, 1000000228, '2024-09-20 05:50:20', 'Student', 'Logged in'),
(506, 1, '2024-09-20 07:17:37', 'Administrator', 'Logged out'),
(507, 1000000228, '2024-09-20 07:27:39', 'Student', 'Logged out'),
(508, 1000000207, '2024-09-20 07:27:46', 'Student', 'Logged in'),
(509, 1000000207, '2024-09-20 07:27:59', 'Student', 'Logged out'),
(510, 1000000227, '2024-09-20 07:28:18', 'Student', 'Logged in'),
(511, 1000000227, '2024-09-20 07:28:24', 'Student', 'Logged out'),
(512, 1000000230, '2024-09-20 07:28:34', 'Student', 'Logged in'),
(513, 1000000230, '2024-09-20 07:28:40', 'Student', 'Logged out'),
(514, 1000000221, '2024-09-20 07:28:53', 'Student', 'Logged in'),
(515, 1000000221, '2024-09-20 07:29:12', 'Student', 'Logged out'),
(516, 1000000207, '2024-09-20 07:29:16', 'Student', 'Logged in'),
(517, 1000000207, '2024-09-20 07:42:40', 'Student', 'Logged out'),
(518, 1000000207, '2024-09-20 07:42:45', 'Student', 'Logged in'),
(519, 1000000207, '2024-09-20 08:20:17', 'Student', 'Logged out'),
(520, 1, '2024-09-20 08:20:44', 'Administrator', 'Logged in'),
(521, 1000000207, '2024-09-20 08:24:12', 'Student', 'Logged in'),
(522, 1000000207, '2024-09-20 08:26:03', 'Student', 'Logged out'),
(523, 1000000203, '2024-09-20 08:26:09', 'Student', 'Logged in'),
(524, 1000000203, '2024-09-20 08:26:19', 'Student', 'Logged out'),
(525, 1, '2024-09-20 09:01:49', 'Administrator', 'Logged out'),
(526, 1, '2024-09-20 09:31:00', 'Administrator', 'Logged in'),
(527, 1000000207, '2024-09-20 09:34:00', 'Student', 'Logged in'),
(528, 1000000207, '2024-09-20 09:35:05', 'Student', 'Logged out'),
(529, 1000000207, '2024-09-20 09:35:30', 'Student', 'Logged in'),
(530, 1000000207, '2024-09-20 09:35:38', 'Student', 'Logged out'),
(531, 1000000228, '2024-09-20 09:35:59', 'Student', 'Logged in'),
(532, 1000000228, '2024-09-20 09:36:58', 'Student', 'Logged out'),
(533, 1, '2024-09-20 09:37:17', 'Administrator', 'Logged out'),
(534, 1000000228, '2024-09-23 05:49:44', 'Student', 'Logged in'),
(535, 1000000228, '2024-09-23 05:49:51', 'Student', 'Logged out'),
(536, 1, '2024-09-23 05:50:03', 'Administrator', 'Logged in'),
(537, 1000000232, '2024-09-23 06:13:08', 'Student', 'Logged out'),
(538, 1000000220, '2024-09-23 06:20:58', 'Student', 'Logged in'),
(539, 1000000220, '2024-09-23 06:25:38', 'Student', 'Logged out'),
(540, 1000000233, '2024-09-23 07:48:59', 'Student', 'Logged out'),
(541, 1000000234, '2024-09-23 07:53:01', 'Student', 'Logged out'),
(542, 1, '2024-09-23 14:41:32', 'Administrator', 'Logged in'),
(543, 1, '2024-09-23 14:42:25', 'Administrator', 'Logged out'),
(544, 1, '2024-09-23 15:16:32', 'Administrator', 'Logged in'),
(545, 1, '2024-09-23 15:18:06', 'Administrator', 'Logged out'),
(546, 1, '2024-09-23 15:19:07', 'Administrator', 'Logged in'),
(547, 1, '2024-09-23 15:20:21', 'Administrator', 'Logged out'),
(548, 1, '2024-09-23 15:21:02', 'Administrator', 'Logged in'),
(549, 1, '2024-09-23 15:24:00', 'Administrator', 'Logged out'),
(550, 1, '2024-09-23 15:24:12', 'Administrator', 'Logged in'),
(551, 1, '2024-09-23 15:24:14', 'Administrator', 'Logged out'),
(552, 1, '2024-09-23 15:25:05', 'Administrator', 'Logged in'),
(553, 1, '2024-09-23 15:25:07', 'Administrator', 'Logged out'),
(554, 1, '2024-09-23 16:29:58', 'Administrator', 'Logged in'),
(555, 1, '2024-09-23 16:30:00', 'Administrator', 'Logged out'),
(556, 1, '2024-09-23 16:32:37', 'Administrator', 'Logged in'),
(557, 1, '2024-09-23 16:32:39', 'Administrator', 'Logged out'),
(558, 1, '2024-09-23 16:33:16', 'Administrator', 'Logged in'),
(559, 1, '2024-09-23 16:34:47', 'Administrator', 'Logged out'),
(560, 1, '2024-09-23 16:35:59', 'Administrator', 'Logged in'),
(561, 1, '2024-09-23 16:36:01', 'Administrator', 'Logged out'),
(562, 1, '2024-09-23 16:40:02', 'Administrator', 'Logged in'),
(563, 1, '2024-09-23 16:40:03', 'Administrator', 'Logged out'),
(564, 1, '2024-09-23 16:41:38', 'Administrator', 'Logged in'),
(565, 1, '2024-09-23 16:48:04', 'Administrator', 'Logged out'),
(566, 1, '2024-09-23 17:10:50', 'Administrator', 'Logged in'),
(567, 1, '2024-09-23 17:10:53', 'Administrator', 'Logged out'),
(568, 1, '2024-09-23 17:11:32', 'Administrator', 'Logged in'),
(569, 1, '2024-09-23 17:11:34', 'Administrator', 'Logged out'),
(570, 1, '2024-09-23 17:28:14', 'Administrator', 'Logged in'),
(571, 1, '2024-09-23 17:28:17', 'Administrator', 'Logged out'),
(572, 1, '2024-09-25 03:12:58', 'Administrator', 'Logged in'),
(573, 1, '2024-09-25 04:15:28', 'Administrator', 'Logged out'),
(574, 1, '2024-09-25 04:15:37', 'Administrator', 'Logged in'),
(575, 1000000207, '2024-09-25 04:15:47', 'Student', 'Logged in'),
(576, 1000000207, '2024-09-25 04:16:12', 'Student', 'Logged out'),
(577, 1000000236, '2024-09-26 03:32:36', 'Student', 'Logged out'),
(578, 1, '2024-09-26 03:32:45', 'Administrator', 'Logged in'),
(579, 1000000236, '2024-09-26 03:32:57', 'Student', 'Logged in'),
(580, 1000000236, '2024-09-26 03:41:50', 'Student', 'Logged out'),
(581, 1000000207, '2024-09-26 03:42:01', 'Student', 'Logged in'),
(582, 1000000207, '2024-09-26 03:42:49', 'Student', 'Logged out'),
(583, 1, '2024-09-26 03:43:19', 'Administrator', 'Logged out'),
(584, 1, '2024-09-26 04:29:26', 'Administrator', 'Logged in'),
(585, 1000000207, '2024-09-26 04:29:41', 'Student', 'Logged in'),
(586, 1, '2024-09-26 04:33:27', 'Administrator', 'Logged in'),
(587, 1, '2024-09-26 14:09:25', 'Administrator', 'Logged in'),
(588, 1, '2024-09-26 15:02:33', 'Administrator', 'Logged out'),
(589, 1, '2024-09-26 15:02:46', 'Administrator', 'Logged in'),
(590, 1, '2024-09-26 15:02:57', 'Administrator', 'Logged out'),
(591, 2, '2024-09-26 15:03:03', 'Registrar', 'Logged in'),
(592, 2, '2024-09-26 15:23:14', 'Registrar', 'Logged out'),
(593, 1, '2024-09-26 15:23:40', 'Administrator', 'Logged in'),
(594, 1, '2024-09-27 08:21:01', 'Administrator', 'Logged in'),
(595, 1000000207, '2024-09-27 08:24:11', 'Student', 'Logged in'),
(596, 1, '2024-09-27 12:52:39', 'Administrator', 'Logged in'),
(597, 1000000236, '2024-09-27 13:05:55', 'Student', 'Logged in'),
(598, 1, '2024-09-27 13:52:10', 'Administrator', 'Logged out'),
(599, 1, '2024-09-27 13:52:14', 'Administrator', 'Logged in'),
(600, 1000000236, '2024-09-27 14:15:11', 'Student', 'Logged out'),
(601, 1000000235, '2024-09-27 14:16:13', 'Student', 'Logged in'),
(602, 1000000235, '2024-09-27 14:19:39', 'Student', 'Logged out'),
(603, 1000000235, '2024-09-27 14:19:47', 'Student', 'Logged in'),
(604, 1000000235, '2024-09-27 14:23:57', 'Student', 'Logged out'),
(605, 1000000237, '2024-09-27 14:30:28', 'Student', 'Logged out'),
(606, 1000000207, '2024-09-27 14:30:36', 'Student', 'Logged in'),
(607, 1000000207, '2024-09-27 14:30:44', 'Student', 'Logged out'),
(608, 1000000237, '2024-09-27 14:31:09', 'Student', 'Logged in'),
(609, 1000000237, '2024-09-27 14:47:19', 'Student', 'Logged out'),
(610, 1000000237, '2024-09-27 14:47:29', 'Student', 'Logged in'),
(611, 1000000237, '2024-09-27 14:49:32', 'Student', 'Logged out'),
(612, 1000000236, '2024-09-27 14:49:47', 'Student', 'Logged in'),
(613, 1000000236, '2024-09-27 14:51:06', 'Student', 'Logged out'),
(614, 1000000237, '2024-09-27 14:51:14', 'Student', 'Logged in'),
(615, 1000000237, '2024-09-27 14:51:19', 'Student', 'Logged out'),
(616, 1000000235, '2024-09-27 14:51:31', 'Student', 'Logged in'),
(617, 1000000235, '2024-09-27 14:51:35', 'Student', 'Logged out'),
(618, 1000000237, '2024-09-27 14:51:41', 'Student', 'Logged in'),
(619, 1000000237, '2024-09-27 14:53:41', 'Student', 'Logged out'),
(620, 1000000237, '2024-09-27 14:55:43', 'Student', 'Logged in'),
(621, 1000000237, '2024-09-27 15:09:57', 'Student', 'Logged out'),
(622, 1000000236, '2024-09-27 15:10:15', 'Student', 'Logged in'),
(623, 1000000236, '2024-09-27 15:10:20', 'Student', 'Logged out'),
(624, 1, '2024-09-27 15:46:41', 'Administrator', 'Logged out'),
(625, 1, '2024-09-27 15:46:50', 'Administrator', 'Logged in'),
(626, 1000000244, '2024-09-27 18:32:47', 'Student', 'Logged out'),
(627, 1000000244, '2024-09-27 18:33:08', 'Student', 'Logged in'),
(628, 1, '2024-09-27 18:48:02', 'Administrator', 'Logged out'),
(629, 1, '2024-09-27 18:49:33', 'Administrator', 'Logged in'),
(630, 1, '2024-09-27 18:49:35', 'Administrator', 'Logged out'),
(631, 1, '2024-09-27 18:49:58', 'Administrator', 'Logged in'),
(632, 1, '2024-09-27 18:50:00', 'Administrator', 'Logged out'),
(633, 1, '2024-10-01 07:04:51', 'Administrator', 'Logged in'),
(634, 1, '2024-10-01 07:52:25', 'Administrator', 'Logged out'),
(635, 1, '2024-10-01 07:59:23', 'Administrator', 'Logged in'),
(636, 1, '2024-10-01 08:04:29', 'Administrator', 'Logged out'),
(637, 1, '2024-10-02 03:27:25', 'Administrator', 'Logged in'),
(638, 1000000244, '2024-10-02 03:36:17', 'Student', 'Logged in'),
(639, 1000000244, '2024-10-02 03:50:47', 'Student', 'Logged out'),
(640, 1, '2024-10-02 04:04:04', 'Administrator', 'Logged out'),
(641, 1, '2024-10-02 04:04:18', 'Administrator', 'Logged in'),
(642, 1000000245, '2024-10-02 04:27:11', 'Student', 'Logged out'),
(643, 1000000232, '2024-10-02 04:27:29', 'Student', 'Logged in'),
(644, 1000000232, '2024-10-02 04:29:11', 'Student', 'Logged out'),
(645, 1000000230, '2024-10-02 04:29:20', 'Student', 'Logged in'),
(646, 1000000230, '2024-10-02 04:29:26', 'Student', 'Logged out'),
(647, 1000000228, '2024-10-02 04:29:33', 'Student', 'Logged in'),
(648, 1000000228, '2024-10-02 04:29:50', 'Student', 'Logged out'),
(649, 1000000246, '2024-10-02 04:34:50', 'Student', 'Logged out'),
(650, 1000000247, '2024-10-02 04:40:51', 'Student', 'Logged out'),
(651, 1000000246, '2024-10-02 04:41:10', 'Student', 'Logged in'),
(652, 1000000246, '2024-10-02 04:42:06', 'Student', 'Logged out'),
(653, 1000000234, '2024-10-02 04:42:24', 'Student', 'Logged in'),
(654, 1000000234, '2024-10-02 04:45:33', 'Student', 'Logged out'),
(655, 1000000246, '2024-10-02 04:45:43', 'Student', 'Logged in'),
(656, 1000000246, '2024-10-02 04:45:43', 'Student', 'Logged in'),
(657, 1000000246, '2024-10-02 04:46:00', 'Student', 'Logged out'),
(658, 1000000247, '2024-10-02 04:46:13', 'Student', 'Logged in'),
(659, 1000000247, '2024-10-02 04:47:09', 'Student', 'Logged out'),
(660, 1000000234, '2024-10-02 04:47:18', 'Student', 'Logged in'),
(661, 1000000234, '2024-10-02 04:51:12', 'Student', 'Logged out'),
(662, 1000000234, '2024-10-02 04:51:33', 'Student', 'Logged in'),
(663, 1000000234, '2024-10-02 04:59:31', 'Student', 'Logged out'),
(664, 1000000234, '2024-10-02 04:59:39', 'Student', 'Logged in'),
(665, 1, '2024-10-02 05:07:21', 'Administrator', 'Logged out'),
(666, 1, '2024-10-02 05:08:54', 'Administrator', 'Logged in'),
(667, 1, '2024-10-02 07:08:54', 'Administrator', 'Logged in'),
(668, 1000000244, '2024-10-02 07:09:04', 'Student', 'Logged in'),
(669, 1000000244, '2024-10-02 07:09:40', 'Student', 'Logged out'),
(670, 1000000248, '2024-10-02 07:36:04', 'Student', 'Logged out'),
(671, 1000000248, '2024-10-02 07:36:35', 'Student', 'Logged in'),
(672, 1000000248, '2024-10-02 08:01:12', 'Student', 'Logged out'),
(673, 1000000248, '2024-10-02 08:01:24', 'Student', 'Logged in'),
(674, 1000000248, '2024-10-02 10:48:41', 'Student', 'Logged out'),
(675, 1000000248, '2024-10-02 10:49:14', 'Student', 'Logged in'),
(676, 1000000248, '2024-10-02 10:49:22', 'Student', 'Logged out'),
(677, 1000000249, '2024-10-02 15:40:22', 'Student', 'Logged in'),
(678, 1000000249, '2024-10-02 15:56:12', 'Student', 'Logged out'),
(679, 1, '2024-10-03 14:41:53', 'Administrator', 'Logged in'),
(680, 1000000249, '2024-10-03 14:42:55', 'Student', 'Logged in'),
(681, 1000000249, '2024-10-03 14:52:06', 'Student', 'Logged out'),
(682, 1000000207, '2024-10-03 14:52:23', 'Student', 'Logged in'),
(683, 1000000207, '2024-10-03 14:54:00', 'Student', 'Logged out'),
(684, 1000000249, '2024-10-03 14:54:13', 'Student', 'Logged in'),
(685, 1, '2024-10-04 08:13:32', 'Administrator', 'Logged in'),
(686, 1, '2024-10-04 08:15:52', 'Administrator', 'Logged out'),
(687, 1, '2024-10-04 08:25:10', 'Administrator', 'Logged in'),
(688, 1000000249, '2024-10-04 08:27:50', 'Student', 'Logged in'),
(689, 1, '2024-10-04 08:37:07', 'Administrator', 'Logged out'),
(690, 1, '2024-10-04 08:37:17', 'Administrator', 'Logged in'),
(691, 1, '2024-10-04 08:47:50', 'Administrator', 'Logged out'),
(692, 1000000249, '2024-10-04 08:48:10', 'Student', 'Logged out'),
(693, 1, '2024-10-04 09:09:39', 'Administrator', 'Logged in'),
(694, 1000000250, '2024-10-04 09:14:41', 'Student', 'Logged out'),
(695, 1000000251, '2024-10-04 09:17:06', 'Student', 'Logged out'),
(696, 1000000252, '2024-10-04 09:28:05', 'Student', 'Logged out'),
(697, 1000000252, '2024-10-04 09:28:14', 'Student', 'Logged in'),
(698, 1000000252, '2024-10-04 09:28:36', 'Student', 'Logged out'),
(699, 1000000253, '2024-10-04 09:32:59', 'Student', 'Logged out'),
(700, 1000000254, '2024-10-04 09:36:18', 'Student', 'Logged out'),
(701, 1000000254, '2024-10-04 09:36:58', 'Student', 'Logged in'),
(702, 1000000254, '2024-10-04 09:37:10', 'Student', 'Logged out'),
(703, 1000000255, '2024-10-04 09:40:00', 'Student', 'Logged out'),
(704, 1000000255, '2024-10-04 09:40:40', 'Student', 'Logged in'),
(705, 1000000255, '2024-10-04 09:40:48', 'Student', 'Logged out'),
(706, 1000000256, '2024-10-04 09:46:28', 'Student', 'Logged out'),
(707, 1000000257, '2024-10-04 09:52:30', 'Student', 'Logged out'),
(708, 1000000258, '2024-10-04 09:56:05', 'Student', 'Logged out'),
(709, 1000000258, '2024-10-04 09:56:57', 'Student', 'Logged in'),
(710, 1000000258, '2024-10-04 09:57:15', 'Student', 'Logged out'),
(711, 1000000258, '2024-10-04 10:02:17', 'Student', 'Logged in'),
(712, 1, '2024-10-04 10:03:16', 'Administrator', 'Logged out'),
(713, 1, '2024-10-04 10:03:29', 'Administrator', 'Logged in'),
(714, 1, '2024-10-04 10:29:30', 'Administrator', 'Logged out'),
(715, 1000000258, '2024-10-04 10:29:35', 'Student', 'Logged out'),
(716, 1, '2024-10-04 12:33:07', 'Administrator', 'Logged in'),
(717, 1, '2024-10-04 12:48:05', 'Administrator', 'Logged out'),
(718, 1, '2024-10-04 12:48:15', 'Administrator', 'Logged in'),
(719, 1, '2024-10-04 12:55:14', 'Administrator', 'Logged out'),
(720, 1, '2024-10-04 12:55:22', 'Administrator', 'Logged in'),
(721, 1000000258, '2024-10-04 13:31:34', 'Student', 'Logged in'),
(722, 1000000258, '2024-10-04 13:33:58', 'Student', 'Logged out'),
(723, 1000000218, '2024-10-04 13:38:48', 'Student', 'Logged in'),
(724, 1000000218, '2024-10-04 14:12:02', 'Student', 'Logged out'),
(725, 1000000258, '2024-10-04 14:12:09', 'Student', 'Logged in'),
(726, 1, '2024-10-04 14:22:42', 'Administrator', 'Logged out'),
(727, 1, '2024-10-04 15:19:28', 'Administrator', 'Logged in'),
(728, 1, '2024-10-04 15:19:33', 'Administrator', 'Logged out'),
(729, 1, '2024-10-04 15:20:20', 'Administrator', 'Logged in'),
(730, 1, '2024-10-04 15:20:22', 'Administrator', 'Logged out'),
(731, 1, '2024-10-04 15:21:03', 'Administrator', 'Logged in'),
(732, 1, '2024-10-04 15:21:44', 'Administrator', 'Logged out'),
(733, 1000000258, '2024-10-04 15:26:37', 'Student', 'Logged out'),
(734, 1000000258, '2024-10-04 15:26:49', 'Student', 'Logged in'),
(735, 1, '2024-10-04 15:29:29', 'Administrator', 'Logged in'),
(736, 1, '2024-10-04 15:29:29', 'Administrator', 'Logged in'),
(737, 1, '2024-10-04 15:29:31', 'Administrator', 'Logged out'),
(738, 1, '2024-10-04 15:56:59', 'Administrator', 'Logged in'),
(739, 1, '2024-10-04 15:57:02', 'Administrator', 'Logged out'),
(740, 1, '2024-10-04 15:57:25', 'Administrator', 'Logged in'),
(741, 1, '2024-10-04 15:58:09', 'Administrator', 'Logged out'),
(742, 3, '2024-10-04 15:58:19', 'Administrator', 'Logged in'),
(743, 3, '2024-10-04 15:58:27', 'Administrator', 'Logged out'),
(744, 1, '2024-10-04 15:59:06', 'Administrator', 'Logged in'),
(745, 1, '2024-10-04 15:59:08', 'Administrator', 'Logged out'),
(746, 1, '2024-10-04 15:59:34', 'Administrator', 'Logged in');

-- --------------------------------------------------------

--
-- Table structure for table `tblpayment`
--

CREATE TABLE `tblpayment` (
  `PAYMENTID` int(11) NOT NULL,
  `IDNO` int(11) NOT NULL,
  `COURSE_ID` int(11) NOT NULL,
  `COURSE_LEVEL` int(11) NOT NULL,
  `SEMESTER` varchar(30) NOT NULL,
  `ENTRANCEFEE` double NOT NULL,
  `TOTALUNITS` double NOT NULL,
  `TOTALSEMESTER` double NOT NULL,
  `PARTIALPAYMENT` double NOT NULL,
  `BALANCE` double NOT NULL
) ENGINE=InnoDB DEFAULT CHARSET=latin1 COLLATE=latin1_swedish_ci;

--
-- Dumping data for table `tblpayment`
--

INSERT INTO `tblpayment` (`PAYMENTID`, `IDNO`, `COURSE_ID`, `COURSE_LEVEL`, `SEMESTER`, `ENTRANCEFEE`, `TOTALUNITS`, `TOTALSEMESTER`, `PARTIALPAYMENT`, `BALANCE`) VALUES
(45, 1000000237, 2, 4, 'First', 0, 0, 0, 0, 0),
(46, 1000000237, 2, 4, 'First', 0, 0, 0, 0, 0),
(47, 1000000237, 2, 4, 'First', 0, 0, 0, 0, 0),
(48, 1000000237, 2, 4, 'First', 0, 0, 0, 0, 0),
(49, 1000000237, 2, 4, 'First', 0, 0, 0, 0, 0),
(50, 1000000237, 2, 4, 'First', 0, 0, 0, 0, 0);

-- --------------------------------------------------------

--
-- Table structure for table `tblschedule`
--

CREATE TABLE `tblschedule` (
  `schedID` int(11) NOT NULL,
  `TIME_FROM` varchar(90) NOT NULL,
  `TIME_TO` varchar(90) NOT NULL,
  `sched_time` varchar(30) NOT NULL,
  `sched_day` varchar(30) NOT NULL,
  `sched_semester` varchar(30) NOT NULL,
  `sched_sy` varchar(30) NOT NULL,
  `sched_room` varchar(30) NOT NULL,
  `SECTION` varchar(30) NOT NULL,
  `COURSE_ID` int(11) NOT NULL,
  `SUBJ_ID` int(11) NOT NULL,
  `INST_ID` int(11) NOT NULL
) ENGINE=InnoDB DEFAULT CHARSET=latin1 COLLATE=latin1_swedish_ci;

--
-- Dumping data for table `tblschedule`
--

INSERT INTO `tblschedule` (`schedID`, `TIME_FROM`, `TIME_TO`, `sched_time`, `sched_day`, `sched_semester`, `sched_sy`, `sched_room`, `SECTION`, `COURSE_ID`, `SUBJ_ID`, `INST_ID`) VALUES
(418, '08:00 am', '12:00 pm', '08:00 am-12:00 pm', 'W', 'First', '2024-2025', 'Computer Laboratory', '1', 5, 346, 33),
(419, '07:00 am', '11:00 am', '07:00 am-11:00 am', 'TH', 'First', '2024-2025', 'Computer Laboratory', '1', 5, 347, 33),
(420, '02:00 pm', '05:00 pm', '02:00 pm-05:00 pm', 'TH', 'First', '2024-2025', '1', '1', 5, 348, 34),
(421, '07:00 am', '09:00 am', '07:00 am-09:00 am', 'F', 'First', '2024-2025', 'Computer Laboratory', '1', 5, 349, 35),
(422, '10:00 am', '12:00 pm', '10:00 am-12:00 pm', 'F', 'First', '2024-2025', 'Computer Laboratory', '1', 5, 350, 37),
(423, '08:00 am', '12:00 pm', '08:00 am-12:00 pm', 'SAT', 'First', '2024-2025', 'Computer Laboratory', '1', 5, 351, 36),
(424, '02:00 pm', '07:00 pm', '02:00 pm-07:00 pm', 'SAT', 'First', '2024-2025', 'Computer Laboratory', '1', 5, 352, 36),
(425, '07:00 am', '08:00 am', '07:00 am-08:00 am', 'M', 'First', '2024-2025', '2', '1', 1, 353, 33),
(427, '05:00 pm', '08:00 pm', '05:00 pm-08:00 pm', 'SAT', 'First', '2024-2025', '1', '1', 2, 355, 36),
(428, '12:00 pm', '01:00 pm', '12:00 pm-01:00 pm', 'M', 'First', '2024-2025', '4', '1', 2, 356, 33),
(429, '06:00 pm', '07:30 pm', '06:00 pm-07:30 pm', 'SAT', 'First', '2024-2025', '3', '1', 2, 354, 34);

-- --------------------------------------------------------

--
-- Table structure for table `tblsemester`
--

CREATE TABLE `tblsemester` (
  `SEMID` int(11) NOT NULL,
  `SEMESTER` varchar(90) NOT NULL,
  `SETSEM` tinyint(1) NOT NULL
) ENGINE=InnoDB DEFAULT CHARSET=latin1 COLLATE=latin1_swedish_ci;

--
-- Dumping data for table `tblsemester`
--

INSERT INTO `tblsemester` (`SEMID`, `SEMESTER`, `SETSEM`) VALUES
(1, 'First', 1),
(2, 'Second', 0);

-- --------------------------------------------------------

--
-- Table structure for table `tblstuddetails`
--

CREATE TABLE `tblstuddetails` (
  `DETAIL_ID` int(11) NOT NULL,
  `GUARDIAN` varchar(255) NOT NULL,
  `GUARDIAN_ADDRESS` varchar(255) NOT NULL,
  `GCONTACT` varchar(40) NOT NULL,
  `IDNO` int(30) NOT NULL
) ENGINE=InnoDB DEFAULT CHARSET=latin1 COLLATE=latin1_swedish_ci;

--
-- Dumping data for table `tblstuddetails`
--

INSERT INTO `tblstuddetails` (`DETAIL_ID`, `GUARDIAN`, `GUARDIAN_ADDRESS`, `GCONTACT`, `IDNO`) VALUES
(134, 'Chou', '', '09898989891', 1000000204),
(135, 'Chou', '', '09898767654', 1000000205),
(136, 'Jiren-sama', '', '09876545678', 1000000206),
(137, 'Barney', '', '09898978909', 1000000207),
(138, 'PAPA ARANAYDO SR.', '', '09157916611', 1000000208),
(139, 'Barney', '', '09090909876', 1000000209),
(140, 'Boss', '', '0920850217', 1000000210),
(141, 'Son Goku', '', '09876879564', 1000000211),
(142, 'Chou', '', '09897867543', 1000000212),
(143, 'Mickey Mouse', '', '09879685746', 1000000213),
(144, 'uncle ben', '', '09897868574', 1000000214),
(145, 'stan lee', '', '09897656432', 1000000215),
(146, 'Barney', '', '09100668203', 1000000216),
(147, 'Portgas Spade', '', '09875646464', 1000000217),
(148, 'Barney', '', '09898989898', 1000000218),
(149, 'Barney', '', '09989898989', 1000000219),
(150, 'tony shrek', '', '09999999999', 1000000220),
(151, 'Portgas Spade', '', '09090909090', 1000000221),
(152, 'Ancient one', '', '09876565789', 1000000222),
(153, 'Mickey Mouse', '', '09876543219', 1000000223),
(154, 'Portgas Spade', '', '09898987876', 1000000224),
(155, 'maoo', '', '09897865121', 1000000225),
(156, 'Alucard', '', '09876575758', 1000000226),
(157, 'Chou', '', '09121213141', 1000000227),
(158, 'Alucard', '', '09121234545', 1000000228),
(159, 'Portgas Spade', '', '09989887761', 1000000229),
(160, 'Son Goku', '', '09898909098', 1000000230),
(161, 'Chou', '', '09121234545', 1000000231),
(162, 'gundam', '', '09898989786', 1000000232),
(163, 'Goofey', '', '09878787876', 1000000233),
(164, 'Thanos', '', '09123452625', 1000000234),
(165, 'Alucard', '', '09090909090', 1000000235),
(166, 'Son Goku', '', '092113423556', 1000000236),
(167, 'Portgas Spade', '', '09090998901', 1000000237),
(168, 'Son Goku', '', '09989898979', 1000000244),
(169, 'mama niya', '', '09123456789', 1000000245),
(170, 'Son Goku', '', '09435029532', 1000000246),
(171, 'Barney', '', '094325864', 1000000247),
(172, 'Portgas Spade', '', '09989898981', 1000000248),
(173, 'Mickey Mouse', '', '09090909090', 1000000249),
(174, 'Barney', '', '09384098633', 1000000250),
(175, 'Barney', '', '09099898989', 1000000251),
(176, 'Son Goku', '', '09909090909', 1000000252),
(177, 'mama', '', '0961566870', 1000000253),
(178, 'Chou', '', '099999999999', 1000000254),
(179, 'maria juana', '', '12345678901', 1000000255),
(180, 'Mickey Mouse', '', '12345678901', 1000000256),
(181, 'Son Goku', '', '12345678901', 1000000257),
(182, 'Portgas Spade', '', '0912345678', 1000000258);

-- --------------------------------------------------------

--
-- Table structure for table `tblstudent`
--

CREATE TABLE `tblstudent` (
  `S_ID` int(11) NOT NULL,
  `IDNO` int(20) NOT NULL,
  `FNAME` varchar(40) NOT NULL,
  `LNAME` varchar(40) NOT NULL,
  `MNAME` varchar(40) NOT NULL,
  `SEX` varchar(10) NOT NULL DEFAULT 'Male',
  `BDAY` date NOT NULL,
  `BPLACE` text NOT NULL,
  `STATUS` varchar(30) NOT NULL,
  `AGE` int(30) NOT NULL,
  `NATIONALITY` varchar(40) NOT NULL,
  `RELIGION` varchar(255) NOT NULL,
  `CONTACT_NO` varchar(40) NOT NULL,
  `HOME_ADD` text NOT NULL,
  `ACC_USERNAME` varchar(255) NOT NULL,
  `ACC_PASSWORD` text NOT NULL,
  `student_status` text NOT NULL,
  `YEARLEVEL` int(11) NOT NULL,
  `STUDSECTION` int(11) NOT NULL,
  `COURSE_ID` int(11) NOT NULL,
  `STUDPHOTO` varchar(255) NOT NULL,
  `SEMESTER` varchar(30) NOT NULL,
  `SYEAR` varchar(30) NOT NULL,
  `NewEnrollees` tinyint(1) NOT NULL
) ENGINE=InnoDB DEFAULT CHARSET=latin1 COLLATE=latin1_swedish_ci;

--
-- Dumping data for table `tblstudent`
--

INSERT INTO `tblstudent` (`S_ID`, `IDNO`, `FNAME`, `LNAME`, `MNAME`, `SEX`, `BDAY`, `BPLACE`, `STATUS`, `AGE`, `NATIONALITY`, `RELIGION`, `CONTACT_NO`, `HOME_ADD`, `ACC_USERNAME`, `ACC_PASSWORD`, `student_status`, `YEARLEVEL`, `STUDSECTION`, `COURSE_ID`, `STUDPHOTO`, `SEMESTER`, `SYEAR`, `NewEnrollees`) VALUES
(132, 1000000203, 'Alexander Joerenz', 'Escallente', 'E', 'Male', '2004-08-27', 'Muntinlupa City', 'Single', 0, '09100668203', 'Roman Catholic', '09100668203', '#67 A. Olivarez st. Brgy. Santo Nio San Pedro City, Laguna', 'Alexander', '14e1743c694e2c397bb8d92d41134d626738525a', 'New', 1, 1, 1, 'student_image/alu-lghtbrn.jfif', 'First', '', 0),
(134, 1000000205, 'Joebert', 'Bravo', 'E', 'Male', '1999-09-19', 'Planet Namek', 'Single', 0, '09898987676', 'Atheist', '09898987676', 'Purok bundok tralala, Planet Namek', 'joebert', '14e1743c694e2c397bb8d92d41134d626738525a', 'New', 1, 1, 1, '', 'First', '', 0),
(135, 1000000206, 'Son', 'Goku', 'E', 'Male', '2004-02-02', 'Planet Namek', 'Single', 0, '09123456789', 'Atheist', '09123456789', 'Purok bundok tralala, Planet Namek', 'goku', '14e1743c694e2c397bb8d92d41134d626738525a', 'New', 1, 1, 1, 'student_image/gokuu.jfif', 'First', '', 0),
(136, 1000000207, 'Arnold', 'Aranaydo', '', 'Male', '1985-02-01', 'Planet Namek', 'Single', 0, 'Namekian', 'Roman Catholic', '09878787656', 'Purok bundok tralala, Planet Namek02', 'arnold', '14e1743c694e2c397bb8d92d41134d626738525a', 'Irregular', 1, 1, 5, 'student_image/sir_aranaydo.png', 'First', '', 0),
(139, 1000000208, 'PAPA', 'ARANAYDO', 'P', 'Female', '1965-02-28', 'Laguna', 'Married', 0, 'Filipino', 'Roman Catholic', '09157916611', 'BULIHAN CAVITE', 'clarius@gmail.com', 'b39dd7dec5ce2b72725b3c1dad7e5a4efc6c402c', 'New', 1, 1, 1, '', 'First', '', 0),
(140, 1000000209, 'Joe', 'Mouse', 'E', 'Male', '2004-08-27', 'Planet Namek', 'Single', 0, '09100668203', 'Atheist', '09100668203', 'Purok bundok tralala, Planet Namek', 'joe', '14e1743c694e2c397bb8d92d41134d626738525a', 'New', 1, 1, 1, '', 'First', '', 0),
(141, 1000000210, 'michael', 'barbitcho', 'A', 'Male', '2004-07-18', 'Muntinlupa city', 'Single', 0, 'Filipino', 'Catholic', '09380602543', 'BLK 14 LT7 Southpeak !!', 'Kahitano', '64006a7ad4c7808d99cc2436ef9758274026e73b', 'New', 1, 1, 5, '', 'First', '', 0),
(142, 1000000211, 'Niko', 'Avocado', 'A', 'Male', '2000-08-27', 'Planet Namek', 'Single', 0, 'Namekian', 'Atheist', '09898989898', '#67 A. Olivarez st. Brgy. Santo Nio San Pedro City, Laguna', 'niko', '14e1743c694e2c397bb8d92d41134d626738525a', 'New', 1, 1, 1, '', 'First', '', 0),
(143, 1000000212, 'superman', 'krypto', 'B', 'Male', '2002-02-02', 'Planet Namek', 'Single', 0, 'Namekian', 'Roman Catholic', '09898979897', 'San pedro', 'superman', '14e1743c694e2c397bb8d92d41134d626738525a', 'New', 1, 1, 2, '', 'First', '', 0),
(144, 1000000213, 'Son', 'Bravo', 'E', 'Male', '1999-10-19', 'Muntinlupa City', 'Married', 0, 'Filipino', 'Catholic', '09876574838', 'Purok bundok tralala, Planet Namek', 'batman', '14e1743c694e2c397bb8d92d41134d626738525a', 'New', 1, 1, 1, '', 'First', '', 0),
(145, 1000000214, 'peter', 'parker', 'E', 'Male', '1998-08-08', 'Land of Dawn', 'Single', 0, 'Filipino', 'Catholic', '09897868574', 'Land of Dawn', 'spidey', '14e1743c694e2c397bb8d92d41134d626738525a', 'New', 1, 1, 1, '', 'First', '', 0),
(146, 1000000215, 'tony', 'stark', 'E', 'Male', '1998-09-19', 'los angeles', 'Married', 0, 'American', 'Catholic', '09897656432', 'stark industries', 'ironman', '14e1743c694e2c397bb8d92d41134d626738525a', 'Transferee', 4, 1, 2, '', 'First', '', 0),
(147, 1000000216, 'Alexander Joerenz', 'Estacio', 'E', 'Male', '2004-08-27', 'Muntinlupa City', 'Single', 0, 'Filipino', 'Roman Catholic', '09100668203', '#67 A. Olivarez st. Brgy. Santo Nio San Pedro City, Laguna', 'scall', '14e1743c694e2c397bb8d92d41134d626738525a', 'Transferee', 3, 1, 1, '', 'First', '', 0),
(148, 1000000217, 'Son', 'Mouse', 'E', 'Male', '1997-09-23', 'Narra Hospital', 'Single', 0, 'Filipino', 'Atheist', '09875646464', 'Purok bundok tralala, Planet Namek', 'sonmouse', '14e1743c694e2c397bb8d92d41134d626738525a', 'Transferee', 3, 1, 1, '', 'First', '', 0),
(149, 1000000218, 'Logan', 'Wolverine', 'E', 'Male', '2000-09-08', 'Planet Namek', 'Select', 0, 'Namekian', 'Roman Catholic', '09898989898', 'Purok bundok tralala, Planet Namek', 'wolvy', '14e1743c694e2c397bb8d92d41134d626738525a', 'Transferee', 3, 1, 3, '', 'First', '', 0),
(150, 1000000219, 'Bruce', 'Banner', 'E', 'Male', '2000-09-17', 'Narra Hospital', 'Single', 0, 'Filipino', 'Roman Catholic', '09989898989', '#67 A. Olivarez st. Brgy. Santo Nio San Pedro City, Laguna', 'hulk', '14e1743c694e2c397bb8d92d41134d626738525a', 'Transferee', 0, 0, 1, '', 'First', '', 1),
(151, 1000000220, 'Pepper', 'Pots', 'S', 'Female', '1999-09-17', 'Narra Hospital', 'Single', 0, 'Filipino', 'Roman Catholic', '09999999999', 'stark industries', 'pepper', '14e1743c694e2c397bb8d92d41134d626738525a', 'Transferee', 1, 1, 5, '', 'First', '', 0),
(152, 1000000221, 'Captain', 'Tubol', 'E', 'Male', '1999-09-18', 'Planet Namek', 'Single', 0, 'Namekian', 'Atheist', '09090909090', 'Purok bundok tralala, Planet Namek', 'captubol', '14e1743c694e2c397bb8d92d41134d626738525a', 'Transferee', 4, 1, 2, '', 'First', '', 0),
(153, 1000000222, 'Stephen', 'Strange', 'A', 'Male', '1999-09-09', 'Land of Dawn', 'Single', 0, 'American', 'Roman Catholic', '09876565789', 'Multiverse', 'drstrange', '14e1743c694e2c397bb8d92d41134d626738525a', 'Transferee', 4, 1, 2, '', 'First', '', 0),
(154, 1000000223, 'Oggy', 'Alcasid', 'E', 'Male', '2004-09-08', 'Muntinlupa City', 'Widow', 0, 'Filipino', 'Roman Catholic', '09876543221', 'Purok bundok tralala, Planet Namek', 'Mamamo', '14e1743c694e2c397bb8d92d41134d626738525a', 'Transferee', 4, 0, 5, '', 'First', '', 1),
(155, 1000000224, 'Robo', 'Lab', 'E', 'Male', '2000-09-19', 'Planet Namek', 'Single', 0, 'Filipino', 'Roman Catholic', '09898987876', 'Purok bundok tralala, Planet Namek', 'robo', '14e1743c694e2c397bb8d92d41134d626738525a', 'Transferee', 4, 1, 2, '', 'First', '', 0),
(156, 1000000225, 'Mona', 'Lisa', 'E', 'Female', '0209-02-09', 'Planet Namek', 'Single', 0, '09897865121', 'Roman Catholic', '09897865121', 'Purok bundok tralala, Planet Namek', 'monalisa', 'de68a951c1586debd9031e55c96f667072382937', 'Transferee', 0, 0, 0, '', 'First', '', 1),
(157, 1000000226, 'Aristotle', 'Spade', 'E', 'Male', '2000-09-18', 'Muntinlupa City', 'Single', 0, 'Filipino', 'Roman Catholic', '09876575758', 'Purok bundok tralala, Planet Namek', 'aristotle', '2ac2735322d5c69d3db4c5eaaae97463c92cf8f5', 'Transferee', 0, 0, 1, '', 'First', '', 1),
(158, 1000000227, 'Prime', 'Auto', 'E', 'Female', '2001-09-19', 'Planet Namek', 'Single', 0, 'Filipino', 'Roman Catholic', '09121213141', 'Purok bundok tralala, Planet Namek', 'primey', '59edefa5880e092a5e41ab3b434a7876d937329b', 'Transferee', 0, 0, 5, '', 'First', '', 1),
(159, 1000000228, 'Beluga', 'Meow', 'E', 'Male', '2000-09-19', 'Planet Namek', 'Single', 0, 'Namekian', 'Catholic', '09121234545', 'Purok bundok tralala, Planet Namek', 'beluga', '0016856fad165277a3759c2576f1137a489478a3', 'New', 1, 1, 5, '', 'First', '', 0),
(160, 1000000229, 'Baby Ama', 'Bravo', 'E', 'Male', '2001-09-19', 'Planet Namek', 'Single', 0, 'Namekian', 'Roman Catholic', '09989887761', 'Purok bundok tralala, Planet Namek', 'babyama', '14e1743c694e2c397bb8d92d41134d626738525a', 'New', 0, 0, 1, '', 'First', '', 1),
(161, 1000000230, 'belugagsti', 'Mouse', 'E', 'Male', '2000-09-19', 'Muntinlupa city', 'Single', 0, 'Filipino', 'Roman Catholic', '09898909098', 'Purok bundok tralala, Planet Namek', 'belugagsti', '14e1743c694e2c397bb8d92d41134d626738525a', 'Transferee', 0, 0, 1, '', 'First', '', 1),
(162, 1000000231, 'Ronaldo', 'Messi', 'E', 'Male', '2000-09-12', 'Muntinlupa City', 'Select', 0, 'Filipino', 'Roman Catholic', '09121234545', 'Purok Manggahan Sampaguita village San Pedro, Laguna City.', 'ronaldo', '14e1743c694e2c397bb8d92d41134d626738525a', 'Transferee', 3, 1, 1, '', 'First', '', 0),
(163, 1000000232, 'Harry', 'Potter', 'B', 'Male', '2000-02-19', 'Narra Hospital', 'Single', 0, 'Filipino', 'Catholic', '09898989786', 'Purok bundok tralala, Planet Namek', 'harry', '14e1743c694e2c397bb8d92d41134d626738525a', 'Irregular', 3, 1, 1, '', 'First', '', 0),
(164, 1000000233, 'Donald', 'Duck', 'S', 'Female', '2001-12-12', 'Muntinlupa city', 'Widow', 0, 'Filipino', 'Catholic', '09878787876', 'Land of Dawn', 'donald', '14e1743c694e2c397bb8d92d41134d626738525a', 'Transferee', 0, 0, 1, '', 'First', '', 1),
(165, 1000000234, 'Gamora', 'Thanos', 'B', 'Female', '1999-07-27', 'Land of Dawn', 'Married', 0, 'Namekian', 'Atheist', '09123452625', 'Land of Dawn', 'gamora', '14e1743c694e2c397bb8d92d41134d626738525a', 'Regular', 4, 1, 2, '', 'First', '', 0),
(166, 1000000235, 'Shang ', 'Shi', 'P', 'Male', '2000-09-28', 'los angeles', 'Married', 0, 'American', 'Catholic', '09090909090', 'Land of Dawn', 'shangie', '14e1743c694e2c397bb8d92d41134d626738525a', 'Irregular', 4, 1, 2, '', 'First', '', 0),
(167, 1000000236, 'jacob', 'valdez', 'n', 'Male', '2000-02-12', 'manila', 'Married', 0, 'Filipino', 'Roman Catholic', '091112313353', 'santarosa', 'jacob', 'd154d66b904b03a13609c9e349b4ab420d5aad8b', 'Regular', 4, 1, 2, 'student_image/SPCPC-logo-icon.ico', 'First', '', 0),
(168, 1000000237, 'Android', 'Eyten', 'B', 'Male', '2000-09-19', 'Land of Dawn', 'Single', 0, 'Filipino', 'Catholic', '09090998901', 'Purok Manggahan Sampaguita village San Pedro, Laguna City.', 'android', '14e1743c694e2c397bb8d92d41134d626738525a', 'Regular', 4, 1, 2, '', 'First', '', 0),
(169, 1000000244, 'Gohan', 'San', 'B', 'Male', '2000-09-19', 'Narra Hospital', 'Single', 0, 'Filipino', 'Roman Catholic', '09989898979', 'Purok bundok tralala, Planet Namek', 'gohan', '14e1743c694e2c397bb8d92d41134d626738525a', 'Irregular', 4, 1, 2, 'student_image/gohan.jfif', 'First', '', 0),
(170, 1000000245, 'CONAN', 'DETECTIVE', 'C', 'Male', '2099-10-01', 'Land of Dawn', 'Widow', 0, 'Filipino', 'Atheist', '0911234567', 'LUNA STREET', 'detectivecinan', '8cb2237d0679ca88db6464eac60da96345513964', 'Irregular', 4, 1, 2, '', 'First', '', 0),
(171, 1000000246, 'david joshua', 'bayot', 'j', 'Male', '2004-01-23', 'tyan ng nanay k', 'Married', 0, 'Filipino', 'Atheist', '093258395', 'Brgy. langgam', 'juswa', 'ea841d502f6981b30d859e46d3dc0681af1c738b', 'Transferee', 4, 1, 2, '', 'First', '', 0),
(172, 1000000247, 'joshua david', 'biyots', 'A', 'Male', '1999-01-30', 'Narra Hospital', 'Widow', 0, 'Filipino', 'Roman Catholic', '092354649', 'Brgy. Santo Nio', 'juswaa', 'ea7dd4ff681b3519ba67bee90e0bb415ab2c41e1', 'Regular', 3, 1, 1, '', 'First', '', 0),
(173, 1000000248, 'jeprox', 'goblok', 'E', 'Male', '2000-02-19', 'Narra Hospital', 'Single', 0, 'Filipino', 'Roman Catholic', '09989898981', 'Brgy. Santo Nio', 'jeprox', '14e1743c694e2c397bb8d92d41134d626738525a', 'Irregular', 4, 1, 2, '', 'First', '', 0),
(174, 1000000249, 'goblok', 'wkwkwk', 'P', 'Male', '2000-09-19', 'Narra Hospital', 'Single', 0, 'Filipino', 'Roman Catholic', '09090909090', 'laramskie', 'goblok', '14e1743c694e2c397bb8d92d41134d626738525a', 'Irregular', 4, 1, 2, '', 'First', '', 0),
(175, 1000000250, 'melissa', 'basa', 'B', 'Female', '2003-05-29', 'Narra Hospital', 'Single', 0, 'Filipino', 'Roman Catholic', '09384098633', 'Purok Manggahan Sampaguita village San Pedro, Laguna City.', 'melissa', '14e1743c694e2c397bb8d92d41134d626738525a', 'New', 1, 1, 2, '', 'First', '', 0),
(176, 1000000251, 'oat', 'escall', 'E', 'Male', '2000-09-19', 'Laguna', 'Single', 0, 'Namekian', 'Atheist', '09099898989', 'Brgy. Santo Nio', 'oat', '14e1743c694e2c397bb8d92d41134d626738525a', 'Transferee', 4, 1, 2, '', 'First', '', 0),
(177, 1000000252, 'retri', 'inspire', 'E', 'Male', '2000-09-19', 'Muntinlupa City', 'Single', 0, 'Filipino', 'Roman Catholic', '09909090909', 'Brgy. Santo Nio', 'retri', '14e1743c694e2c397bb8d92d41134d626738525a', 'Irregular', 1, 1, 2, '', 'First', '', 0),
(178, 1000000253, 'johncarl', 'bismar', '', 'Male', '2000-09-16', 'Laguna', 'Married', 0, 'Filipino', 'Roman Catholic', '0961566870', 'san pedro laguna', 'jcarlbismar', 'eecff5900624c7905a957cb9da56d2912c274598', 'New', 1, 1, 2, '', 'First', '', 0),
(179, 1000000254, 'carl', 'bismar', 'p', 'Male', '2000-09-16', 'Muntinlupa City', 'Single', 0, 'Filipino', 'Roman Catholic', '091579166611', 'Brgy. Santo Nio', 'bismar', '04612b7369d735dd72031370e30ec5f6d886f337', 'Transferee', 3, 1, 1, '', 'First', '', 0),
(180, 1000000255, 'john', 'pena', 'b', 'Female', '2002-09-16', 'Muntinlupa City', 'Single', 0, 'Filipino', 'Roman Catholic', '12345678901', 'Brgy. Santo Nio', 'johnpena', '1c47a170620e554e7b08928dc3b56b25190f6cd1', 'Transferee', 4, 1, 2, '', 'First', '', 0),
(181, 1000000256, 'mcdo', 'ollibee', 'S', 'Male', '2000-09-19', 'Muntinlupa City', 'Widow', 0, '12345678901', 'Atheist', '12345678901', 'Brgy. Santo Nio', 'papatubol', 'feb249e3f95ae12e70ef7cd4ebdc83ad84342e61', 'Transferee', 4, 1, 2, '', 'First', '', 0),
(182, 1000000257, 'wilmer', 'tonogan', 'E', 'Male', '1999-09-19', 'Muntinlupa City', 'Widow', 0, 'Filipino', 'Roman Catholic', '12345678901', 'Brgy. Santo Nio', 'kaawayniyo', 'e73039dd6e5e9456a4c44e246dc105d3352b7e3f', 'Transferee', 4, 1, 2, '', 'First', '', 0),
(183, 1000000258, 'ANDREI', 'GWAPO', 'Q', 'Male', '1999-11-11', 'Muntinlupa city', 'Married', 0, 'Filipino', 'Atheist', '0912345678', 'Brgy. Santo Nio', 'ANDREI', '28662ee22dcb04e4d4a102bd4fcf8d107a0c4fda', 'Old', 4, 1, 2, 'student_image/Pin by Natalie Leonard on Meme _ Funny cartoon images, Hello memes, Crazy funny pictures.jpg', 'First', '', 0);

-- --------------------------------------------------------

--
-- Table structure for table `useraccounts`
--

CREATE TABLE `useraccounts` (
  `ACCOUNT_ID` int(11) NOT NULL,
  `ACCOUNT_NAME` varchar(255) NOT NULL,
  `ACCOUNT_USERNAME` varchar(255) NOT NULL,
  `ACCOUNT_PASSWORD` text NOT NULL,
  `ACCOUNT_TYPE` varchar(30) NOT NULL,
  `EMPID` int(11) NOT NULL,
  `USERIMAGE` varchar(255) NOT NULL,
  `email` varchar(255) NOT NULL
) ENGINE=InnoDB DEFAULT CHARSET=latin1 COLLATE=latin1_swedish_ci;

--
-- Dumping data for table `useraccounts`
--

INSERT INTO `useraccounts` (`ACCOUNT_ID`, `ACCOUNT_NAME`, `ACCOUNT_USERNAME`, `ACCOUNT_PASSWORD`, `ACCOUNT_TYPE`, `EMPID`, `USERIMAGE`, `email`) VALUES
(1, 'Alexander Joerenz Escallente', 'admin_escall', '14e1743c694e2c397bb8d92d41134d626738525a', 'Administrator', 1234, 'photos/apollo-popp-art.jpg', 'joerenzescallente027@gmail.com'),
(2, 'Alex', 'escall', '14e1743c694e2c397bb8d92d41134d626738525a', 'Registrar', 0, '', ''),
(3, 'Clara Olid Reyes', 'Claire', 'd8d4f494f826e85544236afaf97e4f728bb324c9', 'Administrator', 0, '', '');

--
-- Indexes for dumped tables
--

--
-- Indexes for table `course`
--
ALTER TABLE `course`
  ADD PRIMARY KEY (`COURSE_ID`),
  ADD KEY `DEPT_ID` (`DEPT_ID`);

--
-- Indexes for table `department`
--
ALTER TABLE `department`
  ADD PRIMARY KEY (`DEPT_ID`);

--
-- Indexes for table `grades`
--
ALTER TABLE `grades`
  ADD PRIMARY KEY (`GRADE_ID`),
  ADD KEY `IDNO` (`IDNO`);

--
-- Indexes for table `password_resets`
--
ALTER TABLE `password_resets`
  ADD PRIMARY KEY (`id`);

--
-- Indexes for table `schoolyr`
--
ALTER TABLE `schoolyr`
  ADD PRIMARY KEY (`SYID`),
  ADD KEY `IDNO` (`IDNO`);

--
-- Indexes for table `studentschedule`
--
ALTER TABLE `studentschedule`
  ADD PRIMARY KEY (`CLASS_ID`),
  ADD KEY `IDNO` (`IDNO`),
  ADD KEY `schedID` (`schedID`);

--
-- Indexes for table `studentsubjects`
--
ALTER TABLE `studentsubjects`
  ADD PRIMARY KEY (`STUDSUBJ_ID`),
  ADD KEY `IDNO` (`IDNO`),
  ADD KEY `SUBJ_ID` (`SUBJ_ID`);

--
-- Indexes for table `subject`
--
ALTER TABLE `subject`
  ADD PRIMARY KEY (`SUBJ_ID`),
  ADD KEY `COURSE_ID` (`COURSE_ID`);

--
-- Indexes for table `tblauto`
--
ALTER TABLE `tblauto`
  ADD PRIMARY KEY (`ID`),
  ADD KEY `autocode` (`autocode`);

--
-- Indexes for table `tblinstructor`
--
ALTER TABLE `tblinstructor`
  ADD PRIMARY KEY (`INST_ID`);

--
-- Indexes for table `tbllogs`
--
ALTER TABLE `tbllogs`
  ADD PRIMARY KEY (`LOGID`);

--
-- Indexes for table `tblpayment`
--
ALTER TABLE `tblpayment`
  ADD PRIMARY KEY (`PAYMENTID`),
  ADD KEY `IDNO` (`IDNO`);

--
-- Indexes for table `tblschedule`
--
ALTER TABLE `tblschedule`
  ADD PRIMARY KEY (`schedID`),
  ADD KEY `COURSE_ID` (`COURSE_ID`),
  ADD KEY `SUBJ_ID` (`SUBJ_ID`);

--
-- Indexes for table `tblsemester`
--
ALTER TABLE `tblsemester`
  ADD PRIMARY KEY (`SEMID`);

--
-- Indexes for table `tblstuddetails`
--
ALTER TABLE `tblstuddetails`
  ADD PRIMARY KEY (`DETAIL_ID`),
  ADD KEY `IDNO` (`IDNO`);

--
-- Indexes for table `tblstudent`
--
ALTER TABLE `tblstudent`
  ADD PRIMARY KEY (`S_ID`),
  ADD UNIQUE KEY `IDNO` (`IDNO`);

--
-- Indexes for table `useraccounts`
--
ALTER TABLE `useraccounts`
  ADD PRIMARY KEY (`ACCOUNT_ID`),
  ADD UNIQUE KEY `ACCOUNT_USERNAME` (`ACCOUNT_USERNAME`);

--
-- AUTO_INCREMENT for dumped tables
--

--
-- AUTO_INCREMENT for table `course`
--
ALTER TABLE `course`
  MODIFY `COURSE_ID` int(11) NOT NULL AUTO_INCREMENT, AUTO_INCREMENT=65;

--
-- AUTO_INCREMENT for table `department`
--
ALTER TABLE `department`
  MODIFY `DEPT_ID` int(11) NOT NULL AUTO_INCREMENT, AUTO_INCREMENT=38;

--
-- AUTO_INCREMENT for table `grades`
--
ALTER TABLE `grades`
  MODIFY `GRADE_ID` int(11) NOT NULL AUTO_INCREMENT, AUTO_INCREMENT=1686;

--
-- AUTO_INCREMENT for table `password_resets`
--
ALTER TABLE `password_resets`
  MODIFY `id` int(11) NOT NULL AUTO_INCREMENT, AUTO_INCREMENT=110;

--
-- AUTO_INCREMENT for table `schoolyr`
--
ALTER TABLE `schoolyr`
  MODIFY `SYID` int(11) NOT NULL AUTO_INCREMENT, AUTO_INCREMENT=338;

--
-- AUTO_INCREMENT for table `studentschedule`
--
ALTER TABLE `studentschedule`
  MODIFY `CLASS_ID` int(11) NOT NULL AUTO_INCREMENT;

--
-- AUTO_INCREMENT for table `studentsubjects`
--
ALTER TABLE `studentsubjects`
  MODIFY `STUDSUBJ_ID` int(11) NOT NULL AUTO_INCREMENT, AUTO_INCREMENT=1680;

--
-- AUTO_INCREMENT for table `subject`
--
ALTER TABLE `subject`
  MODIFY `SUBJ_ID` int(11) NOT NULL AUTO_INCREMENT, AUTO_INCREMENT=365;

--
-- AUTO_INCREMENT for table `tblauto`
--
ALTER TABLE `tblauto`
  MODIFY `ID` int(11) NOT NULL AUTO_INCREMENT, AUTO_INCREMENT=5;

--
-- AUTO_INCREMENT for table `tblinstructor`
--
ALTER TABLE `tblinstructor`
  MODIFY `INST_ID` int(11) NOT NULL AUTO_INCREMENT, AUTO_INCREMENT=38;

--
-- AUTO_INCREMENT for table `tbllogs`
--
ALTER TABLE `tbllogs`
  MODIFY `LOGID` int(11) NOT NULL AUTO_INCREMENT, AUTO_INCREMENT=747;

--
-- AUTO_INCREMENT for table `tblpayment`
--
ALTER TABLE `tblpayment`
  MODIFY `PAYMENTID` int(11) NOT NULL AUTO_INCREMENT, AUTO_INCREMENT=51;

--
-- AUTO_INCREMENT for table `tblschedule`
--
ALTER TABLE `tblschedule`
  MODIFY `schedID` int(11) NOT NULL AUTO_INCREMENT, AUTO_INCREMENT=430;

--
-- AUTO_INCREMENT for table `tblsemester`
--
ALTER TABLE `tblsemester`
  MODIFY `SEMID` int(11) NOT NULL AUTO_INCREMENT, AUTO_INCREMENT=3;

--
-- AUTO_INCREMENT for table `tblstuddetails`
--
ALTER TABLE `tblstuddetails`
  MODIFY `DETAIL_ID` int(11) NOT NULL AUTO_INCREMENT, AUTO_INCREMENT=183;

--
-- AUTO_INCREMENT for table `tblstudent`
--
ALTER TABLE `tblstudent`
  MODIFY `S_ID` int(11) NOT NULL AUTO_INCREMENT, AUTO_INCREMENT=184;

--
-- AUTO_INCREMENT for table `useraccounts`
--
ALTER TABLE `useraccounts`
  MODIFY `ACCOUNT_ID` int(11) NOT NULL AUTO_INCREMENT, AUTO_INCREMENT=4;
COMMIT;

/*!40101 SET CHARACTER_SET_CLIENT=@OLD_CHARACTER_SET_CLIENT */;
/*!40101 SET CHARACTER_SET_RESULTS=@OLD_CHARACTER_SET_RESULTS */;
/*!40101 SET COLLATION_CONNECTION=@OLD_COLLATION_CONNECTION */;
